Employee_ID,Education_Level,Age,Years_At_Company,Monthly_Income,Performance_Score,Join_Date,Attrition,Department_Finance,Department_HR,Department_Marketing,Department_Sales,Job_Role_Accountant,Job_Role_Content Specialist,Job_Role_Finance Manager,Job_Role_Financial Analyst,Job_Role_HR Manager,Job_Role_HR Specialist,Job_Role_Marketing Analyst,Job_Role_Marketing Manager,Job_Role_QA Engineer,Job_Role_Recruiter,Job_Role_Sales Executive,Job_Role_Sales Manager,Job_Role_Senior Engineer,Job_Role_Software Engineer
601,2,21,13,7155.17,92.0,2011-07-15,0,0,0,0,0,0,0,0,0,0,0,0,0,0,0,0,0,0,1
737,3,30,2,5122.52,59.0,2022-09-22,0,0,0,0,1,0,0,0,0,0,0,0,0,0,0,1,0,0,0
315,2,37,0,4578.13,80.0,2024-06-18,0,1,0,0,0,1,0,0,0,0,0,0,0,0,0,0,0,0,0
816,2,31,0,3649.32,79.0,2024-08-15,0,0,0,0,1,0,0,0,0,0,0,0,0,0,0,0,1,0,0
979,2,42,2,4218.21,75.0,2022-09-07,0,0,0,1,0,0,0,0,0,0,0,1,0,0,0,0,0,0,0
10,2,31,3,5031.15,76.0,2021-09-21,0,0,0,0,1,0,0,0,0,0,0,0,0,0,0,0,0,0,0
135,3,35,12,7297.6,86.0,2012-09-26,0,0,0,1,0,0,0,0,0,0,0,0,1,0,0,0,0,0,0
778,2,36,0,2422.5900000000006,71.4,2024-06-13,0,0,0,0,1,0,0,0,0,0,0,0,0,0,0,0,1,0,0
410,1,21,0,2736.65,84.0,2024-06-22,0,1,0,0,0,0,0,1,0,0,0,0,0,0,0,0,0,0,0
413,2,25,1,3406.96,77.0,2023-08-23,1,1,0,0,0,0,0,1,0,0,0,0,0,0,0,0,0,0,0
72,2,28,2,3296.54,38.0,2022-11-27,0,0,0,0,0,0,0,0,0,0,0,0,0,0,0,0,0,0,1
460,2,24,0,3563.54,56.0,2023-02-19,0,0,0,0,0,0,0,0,0,0,0,0,0,0,0,0,0,0,1
510,1,29,0,2590.3,97.0,2024-11-09,0,1,0,0,0,0,0,1,0,0,0,0,0,0,0,0,0,0,0
55,1,38,2,3663.41,60.0,2022-03-19,0,0,0,0,0,0,0,0,0,0,0,0,0,0,0,0,0,1,0
802,2,34,4,5443.74,73.0,2020-11-24,0,0,0,1,0,0,1,0,0,0,0,0,0,0,0,0,0,0,0
714,4,21,0,6519.52,64.0,2024-03-08,0,0,1,0,0,0,0,0,0,0,1,0,0,0,0,0,0,0,0
543,2,37,2,4255.01,68.0,2022-05-22,0,0,0,0,1,0,0,0,0,0,0,0,0,0,0,0,1,0,0
768,2,31,2,4932.27,100.0,2022-05-25,1,0,0,0,1,0,0,0,0,0,0,0,0,0,0,1,0,0,0
147,2,34,4,4764.062,69.0,2020-04-14,0,0,0,1,0,0,1,0,0,0,0,0,0,0,0,0,0,0,0
837,3,39,3,6223.34,84.0,2021-04-12,1,0,0,0,0,0,0,0,0,0,0,0,0,1,0,0,0,0,0
488,3,39,4,6656.28,58.0,2020-09-21,0,0,1,0,0,0,0,0,0,0,0,0,0,0,1,0,0,0,0
874,2,32,1,2481.5800000000004,62.0,2023-02-07,0,0,0,0,0,0,0,0,0,0,0,0,0,0,0,0,0,1,0
949,1,21,2,3293.4,64.0,2022-01-05,0,0,0,1,0,0,1,0,0,0,0,0,0,0,0,0,0,0,0
719,3,38,0,5076.62,78.0,2024-10-17,0,0,0,0,1,0,0,0,0,0,0,0,0,0,0,1,0,0,0
35,2,35,1,4700.66,85.0,2023-01-17,0,0,0,1,0,0,0,0,0,0,0,0,1,0,0,0,0,0,0
172,2,36,1,3729.38,81.0,2023-03-21,0,0,0,1,0,0,0,0,0,0,0,1,0,0,0,0,0,0,0
396,2,21,9,7267.35,63.0,2015-07-14,0,0,0,0,0,0,0,0,0,0,0,0,0,0,0,0,0,1,0
369,2,27,0,3651.04,80.0,2024-11-27,0,0,0,1,0,0,0,0,0,0,0,0,1,0,0,0,0,0,0
362,2,37,4,4259.49,71.4,2020-10-27,1,0,0,0,1,0,0,0,0,0,0,0,0,0,0,0,0,0,0
329,2,36,1,3295.63,71.0,2023-07-20,0,0,1,0,0,0,0,0,0,0,0,0,0,0,1,0,0,0,0
684,2,41,6,6256.33,82.0,2018-07-01,0,0,0,1,0,0,1,0,0,0,0,0,0,0,0,0,0,0,0
257,3,37,11,9446.36,76.4,2013-04-18,1,0,0,0,1,0,0,0,0,0,0,0,0,0,0,1,0,0,0
1000,3,40,0,3992.95,51.0,2024-11-25,1,0,0,0,1,0,0,0,0,0,0,0,0,0,0,0,0,0,0
180,3,43,0,5806.0,72.0,2024-03-17,0,0,0,0,1,0,0,0,0,0,0,0,0,0,0,0,0,0,0
919,1,29,0,5928.328,69.0,2024-03-07,0,0,0,0,1,0,0,0,0,0,0,0,0,0,0,1,0,0,0
586,2,37,2,5695.2,85.0,2022-04-10,0,0,0,1,0,0,0,0,0,0,0,0,1,0,0,0,0,0,0
165,2,38,8,6469.49,61.0,2016-02-11,0,0,1,0,0,0,0,0,0,0,0,0,0,0,1,0,0,0,0
850,3,40,6,5752.89,61.0,2018-08-18,0,0,0,0,0,0,0,0,0,0,0,0,0,1,0,0,0,0,0
957,2,43,0,3470.17,69.0,2024-07-17,1,0,0,0,0,0,0,0,0,0,0,0,0,0,0,0,0,1,0
467,2,21,3,3308.2,47.0,2023-06-12,1,0,0,0,1,0,0,0,0,0,0,0,0,0,0,0,0,0,0
373,2,49,1,3544.52,73.0,2023-12-06,0,1,0,0,0,0,0,0,1,0,0,0,0,0,0,0,0,0,0
602,2,28,1,3805.73,58.0,2023-08-25,0,0,0,0,1,0,0,0,0,0,0,0,0,0,0,0,1,0,0
485,3,36,0,3663.3500000000004,78.0,2024-10-14,1,0,0,0,0,0,0,0,0,0,0,0,0,0,0,0,0,1,0
14,3,30,2,7016.19,86.0,2022-08-27,0,0,0,0,1,0,0,0,0,0,0,0,0,0,0,0,0,0,0
749,3,37,0,5402.94,73.0,2024-05-03,0,0,0,0,0,0,0,0,0,0,0,0,0,0,0,0,0,1,0
317,1,39,10,5125.66,67.4,2014-12-01,0,1,0,0,0,0,0,1,0,0,0,0,0,0,0,0,0,0,0
456,2,23,0,3527.11,76.0,2024-08-06,0,0,0,0,1,0,0,0,0,0,0,0,0,0,0,0,1,0,0
141,2,43,20,7203.27,80.0,2005-04-08,0,0,0,0,1,0,0,0,0,0,0,0,0,0,0,0,0,0,0
217,4,43,8,7754.65,79.0,2016-07-16,0,0,1,0,0,0,0,0,0,0,0,0,0,0,1,0,0,0,0
490,1,41,0,3295.19,80.0,2024-12-13,1,0,0,1,0,0,0,0,0,0,0,1,0,0,0,0,0,0,0
306,2,30,0,3913.5999999999995,75.0,2024-08-24,1,0,0,0,1,0,0,0,0,0,0,0,0,0,0,1,0,0,0
659,2,24,4,4962.91,98.0,2020-09-18,0,0,0,0,1,0,0,0,0,0,0,0,0,0,0,0,0,0,0
956,2,39,2,4966.18,68.0,2022-10-06,0,0,0,0,1,0,0,0,0,0,0,0,0,0,0,0,1,0,0
583,2,35,7,4746.41,74.0,2017-12-15,0,0,0,0,0,0,0,0,0,0,0,0,0,0,0,0,0,0,1
900,3,45,2,4629.46,82.0,2022-05-17,0,0,0,0,1,0,0,0,0,0,0,0,0,0,0,0,0,0,0
661,2,38,2,4009.982,64.0,2022-08-18,0,0,0,0,1,0,0,0,0,0,0,0,0,0,0,1,0,0,0
409,1,33,6,4193.69,63.0,2018-10-17,0,0,0,0,1,0,0,0,0,0,0,0,0,0,0,0,1,0,0
100,2,50,1,4243.07,64.0,2023-05-11,1,0,0,0,0,0,0,0,0,0,0,0,0,0,0,0,0,0,1
786,2,50,9,6458.52,70.0,2015-11-26,0,0,0,0,0,0,0,0,0,0,0,0,0,0,0,0,0,0,1
154,1,42,2,2873.64,71.0,2022-12-18,0,0,0,1,0,0,0,0,0,0,0,1,0,0,0,0,0,0,0
47,3,25,12,7633.42,55.0,2012-02-08,0,0,1,0,0,0,0,0,0,1,0,0,0,0,0,0,0,0,0
5,3,56,2,5659.42,80.0,2024-07-25,1,0,0,0,1,0,0,0,0,0,0,0,0,0,0,0,1,0,0
173,3,38,2,4876.5,58.0,2022-07-07,0,0,0,0,1,0,0,0,0,0,0,0,0,0,0,0,1,0,0
966,2,30,7,6996.87,77.0,2017-08-07,0,0,0,0,1,0,0,0,0,0,0,0,0,0,0,1,0,0,0
927,2,42,0,4490.99,57.0,2024-05-17,1,0,0,1,0,0,1,0,0,0,0,0,0,0,0,0,0,0,0
223,1,44,0,2784.64,80.0,2024-04-08,0,0,0,0,1,0,0,0,0,0,0,0,0,0,0,1,0,0,0
998,2,43,0,4061.5699999999997,87.0,2024-10-23,0,0,0,0,1,0,0,0,0,0,0,0,0,0,0,0,0,0,0
260,2,31,1,4066.4399999999996,73.0,2023-08-01,0,0,0,0,0,0,0,0,0,0,0,0,0,1,0,0,0,0,0
559,4,27,10,8586.79,80.0,2014-06-06,0,0,0,0,1,0,0,0,0,0,0,0,0,0,0,0,1,0,0
233,2,42,5,4501.98,77.0,2019-05-10,0,0,0,0,1,0,0,0,0,0,0,0,0,0,0,0,1,0,0
109,2,47,1,4961.88,54.0,2023-06-22,1,1,0,0,0,1,0,0,0,0,0,0,0,0,0,0,0,0,0
855,2,31,1,4300.904,82.0,2023-03-13,0,0,0,0,0,0,0,0,0,0,0,0,0,0,0,0,0,1,0
981,3,48,0,4435.48,91.0,2024-05-20,0,0,0,1,0,0,1,0,0,0,0,0,0,0,0,0,0,0,0
99,3,41,6,5579.88,78.0,2021-01-06,0,0,0,0,1,0,0,0,0,0,0,0,0,0,0,1,0,0,0
766,3,29,2,5924.22,50.0,2022-07-12,1,0,1,0,0,0,0,0,0,1,0,0,0,0,0,0,0,0,0
834,3,28,0,5443.1,79.0,2024-06-16,0,0,0,0,0,0,0,0,0,0,0,0,0,0,0,0,0,0,1
221,1,28,7,4989.51,70.0,2017-10-13,0,1,0,0,0,0,0,0,1,0,0,0,0,0,0,0,0,0,0
358,1,25,8,5999.14,74.0,2016-02-13,0,0,0,0,0,0,0,0,0,0,0,0,0,0,0,0,0,1,0
972,3,36,2,5678.76,70.0,2022-02-05,0,0,0,0,0,0,0,0,0,0,0,0,0,0,0,0,0,0,1
25,2,29,8,5688.87,70.0,2016-06-19,0,0,0,0,1,0,0,0,0,0,0,0,0,0,0,1,0,0,0
993,2,44,1,3872.68,71.0,2023-05-14,1,0,0,0,0,0,0,0,0,0,0,0,0,0,0,0,0,0,1
682,1,24,0,2277.6500000000005,60.0,2024-01-09,0,0,0,0,0,0,0,0,0,0,0,0,0,1,0,0,0,0,0
385,2,32,1,3441.67,84.0,2023-11-18,0,0,0,0,1,0,0,0,0,0,0,0,0,0,0,0,0,0,0
95,2,38,0,3512.89,70.0,2024-10-03,1,1,0,0,0,0,0,1,0,0,0,0,0,0,0,0,0,0,0
771,2,21,1,4517.51,83.0,2023-07-22,0,0,0,1,0,0,0,0,0,0,0,0,1,0,0,0,0,0,0
452,2,45,7,4285.51,40.0,2017-04-03,0,0,0,0,0,0,0,0,0,0,0,0,0,0,0,0,0,1,0
26,3,34,1,3541.41,77.0,2023-12-12,0,0,0,0,0,0,0,0,0,0,0,0,0,0,0,0,0,0,1
114,3,45,1,5817.87,95.0,2022-06-26,0,1,0,0,0,1,0,0,0,0,0,0,0,0,0,0,0,0,0
126,4,28,0,6601.62,65.0,2024-01-12,0,0,0,0,1,0,0,0,0,0,0,0,0,0,0,0,0,0,0
61,2,56,0,2881.73,61.0,2024-12-02,1,0,0,1,0,0,0,0,0,0,0,0,1,0,0,0,0,0,0
434,3,28,3,4855.43,79.0,2021-11-25,0,0,1,0,0,0,0,0,0,1,0,0,0,0,0,0,0,0,0
296,3,29,5,7022.31,70.0,2019-05-10,0,0,0,0,0,0,0,0,0,0,0,0,0,1,0,0,0,0,0
245,2,41,0,3712.1459999999997,100.0,2024-03-20,0,0,0,1,0,0,1,0,0,0,0,0,0,0,0,0,0,0,0
681,4,52,4,8960.84,90.0,2020-06-26,1,0,1,0,0,0,0,0,0,0,0,0,0,0,1,0,0,0,0
76,2,21,2,4903.51,87.0,2022-07-03,1,1,0,0,0,1,0,0,0,0,0,0,0,0,0,0,0,0,0
899,2,25,6,2901.76,73.0,2023-08-25,0,0,0,0,1,0,0,0,0,0,0,0,0,0,0,1,0,0,0
427,1,25,3,5100.42,97.0,2021-10-26,0,0,0,0,0,0,0,0,0,0,0,0,0,0,0,0,0,1,0
716,1,30,2,3888.19,67.0,2022-12-27,0,0,1,0,0,0,0,0,0,1,0,0,0,0,0,0,0,0,0
418,2,32,5,6136.66,88.0,2019-09-23,0,0,0,0,1,0,0,0,0,0,0,0,0,0,0,0,0,0,0
910,2,44,2,3936.0300000000007,64.0,2022-02-15,0,0,0,0,1,0,0,0,0,0,0,0,0,0,0,0,1,0,0
390,3,33,0,4200.99,64.0,2024-02-25,0,0,0,1,0,0,0,0,0,0,0,0,1,0,0,0,0,0,0
54,3,26,3,5569.77,75.0,2021-10-23,0,1,0,0,0,1,0,0,0,0,0,0,0,0,0,0,0,0,0
844,2,21,5,5051.16,66.0,2019-10-21,0,0,1,0,0,0,0,0,0,0,0,0,0,0,1,0,0,0,0
351,2,25,0,3603.9299999999994,80.0,2024-08-09,0,1,0,0,0,1,0,0,0,0,0,0,0,0,0,0,0,0,0
472,2,44,1,4143.85,67.0,2023-04-02,1,0,0,0,1,0,0,0,0,0,0,0,0,0,0,1,0,0,0
532,4,52,2,7035.25,75.0,2022-08-09,0,0,0,0,1,0,0,0,0,0,0,0,0,0,0,0,0,0,0
644,1,36,16,6919.47,74.0,2008-06-14,0,0,0,0,1,0,0,0,0,0,0,0,0,0,0,1,0,0,0
404,3,27,0,4935.97,51.0,2024-02-22,1,0,0,1,0,0,0,0,0,0,0,0,1,0,0,0,0,0,0
907,1,21,0,3354.65,73.0,2024-06-16,0,0,0,0,0,0,0,0,0,0,0,0,0,1,0,0,0,0,0
493,2,39,4,4749.94,60.0,2020-06-04,0,1,0,0,0,0,0,1,0,0,0,0,0,0,0,0,0,0,0
376,2,23,1,3106.69,69.0,2024-12-15,1,0,1,0,0,0,0,0,0,0,0,0,0,0,1,0,0,0,0
913,2,21,4,4226.73,77.0,2020-09-04,0,0,0,1,0,0,0,0,0,0,0,0,1,0,0,0,0,0,0
511,4,31,0,5156.98,67.0,2024-03-03,0,0,0,0,1,0,0,0,0,0,0,0,0,0,0,1,0,0,0
98,2,30,2,3410.34,63.0,2022-10-18,0,1,0,0,0,0,0,0,1,0,0,0,0,0,0,0,0,0,0
286,2,29,0,3085.05,54.0,2024-04-27,1,0,0,1,0,0,0,0,0,0,0,1,0,0,0,0,0,0,0
783,3,30,4,4728.2,83.0,2024-04-25,1,0,0,0,1,0,0,0,0,0,0,0,0,0,0,1,0,0,0
740,3,37,1,4004.0280000000002,71.0,2023-08-12,0,1,0,0,0,0,0,1,0,0,0,0,0,0,0,0,0,0,0
499,1,25,6,4743.11,80.0,2018-10-06,0,0,0,0,0,0,0,0,0,0,0,0,0,0,0,0,0,1,0
781,2,21,2,4145.89,75.0,2022-06-19,0,1,0,0,0,0,0,1,0,0,0,0,0,0,0,0,0,0,0
18,2,34,7,5312.33,84.0,2017-04-11,0,1,0,0,0,0,0,0,1,0,0,0,0,0,0,0,0,0,0
197,2,25,2,4804.95,69.0,2022-06-12,0,1,0,0,0,0,0,0,1,0,0,0,0,0,0,0,0,0,0
27,1,51,5,4654.12,72.0,2019-01-24,0,1,0,0,0,1,0,0,0,0,0,0,0,0,0,0,0,0,0
729,3,30,2,4036.99,63.0,2022-08-27,0,0,1,0,0,0,0,0,0,1,0,0,0,0,0,0,0,0,0
744,4,33,3,5132.78,39.0,2024-10-16,0,0,0,0,1,0,0,0,0,0,0,0,0,0,0,0,0,0,0
345,2,39,0,2448.96,87.0,2024-04-20,0,0,0,0,0,0,0,0,0,0,0,0,0,0,0,0,0,0,1
703,3,35,6,4741.72,65.0,2018-04-06,0,0,0,1,0,0,1,0,0,0,0,0,0,0,0,0,0,0,0
190,3,36,2,5909.95,95.0,2020-05-03,0,0,0,0,1,0,0,0,0,0,0,0,0,0,0,1,0,0,0
743,2,44,3,3017.63,73.8,2021-01-26,0,0,0,0,0,0,0,0,0,0,0,0,0,1,0,0,0,0,0
971,3,26,11,6364.49,71.0,2013-08-05,0,0,0,0,0,0,0,0,0,0,0,0,0,0,0,0,0,1,0
271,1,39,4,4892.35,76.0,2020-11-13,0,0,0,0,1,0,0,0,0,0,0,0,0,0,0,0,1,0,0
327,4,49,9,9252.24,52.0,2015-07-11,1,0,0,0,1,0,0,0,0,0,0,0,0,0,0,0,0,0,0
807,3,28,0,5213.31,81.0,2024-02-13,0,0,0,1,0,0,0,0,0,0,0,1,0,0,0,0,0,0,0
813,1,36,1,3350.23,48.0,2023-10-25,1,0,0,0,1,0,0,0,0,0,0,0,0,0,0,0,1,0,0
779,2,31,0,2858.12,88.0,2024-02-08,0,0,1,0,0,0,0,0,0,1,0,0,0,0,0,0,0,0,0
796,3,40,4,6735.44,84.0,2020-02-14,0,0,0,0,1,0,0,0,0,0,0,0,0,0,0,0,0,0,0
352,1,33,7,4546.1,46.0,2017-08-09,0,0,1,0,0,0,0,0,0,1,0,0,0,0,0,0,0,0,0
386,2,26,1,3938.5300000000007,51.0,2023-11-06,1,0,0,0,0,0,0,0,0,0,0,0,0,0,0,0,0,0,1
753,2,42,0,4283.25,79.0,2024-03-04,0,0,0,0,0,0,0,0,0,0,0,0,0,1,0,0,0,0,0
792,1,30,6,4985.44,93.0,2018-07-04,0,0,0,0,0,0,0,0,0,0,0,0,0,0,0,0,0,0,1
732,3,32,6,6008.74,61.0,2018-01-21,0,0,0,0,0,0,0,0,0,0,0,0,0,0,0,0,0,1,0
263,2,37,0,3775.87,76.0,2024-02-26,0,0,0,1,0,0,0,0,0,0,0,1,0,0,0,0,0,0,0
841,1,33,0,2756.01,75.0,2024-08-01,0,0,0,0,0,0,0,0,0,0,0,0,0,1,0,0,0,0,0
169,2,50,4,5670.02,64.0,2020-01-14,0,0,0,0,0,0,0,0,0,0,0,0,0,0,0,0,0,0,1
650,2,32,5,5979.48,53.0,2019-08-09,0,0,0,1,0,0,0,0,0,0,0,0,1,0,0,0,0,0,0
563,2,44,0,4205.86,92.0,2024-02-16,0,0,0,1,0,0,0,0,0,0,0,1,0,0,0,0,0,0,0
660,2,35,16,7428.22,73.0,2008-07-27,0,1,0,0,0,0,0,0,1,0,0,0,0,0,0,0,0,0,0
730,3,26,1,4293.99,71.0,2023-04-13,0,0,0,1,0,0,0,0,0,0,0,1,0,0,0,0,0,0,0
554,2,36,5,4584.35,64.0,2019-09-07,0,1,0,0,0,1,0,0,0,0,0,0,0,0,0,0,0,0,0
307,3,33,6,5149.56,59.0,2018-12-23,1,0,0,0,1,0,0,0,0,0,0,0,0,0,0,0,0,0,0
926,2,38,4,4488.74,74.0,2020-04-27,0,0,0,0,0,0,0,0,0,0,0,0,0,0,0,0,0,1,0
962,2,30,1,4966.99,53.0,2023-05-06,0,0,0,0,0,0,0,0,0,0,0,0,0,0,0,0,0,0,1
758,2,31,4,4593.37,85.0,2020-08-02,0,0,0,0,0,0,0,0,0,0,0,0,0,0,0,0,0,1,0
897,2,21,0,4477.65,61.0,2024-09-15,0,0,0,0,0,0,0,0,0,0,0,0,0,1,0,0,0,0,0
791,2,52,4,7384.53,66.0,2014-08-02,0,1,0,0,0,0,0,1,0,0,0,0,0,0,0,0,0,0,0
642,2,28,7,6092.238,72.0,2017-04-26,1,0,0,0,0,0,0,0,0,0,0,0,0,0,0,0,0,0,1
503,3,30,4,4860.54,69.0,2020-03-26,0,0,0,0,0,0,0,0,0,0,0,0,0,0,0,0,0,1,0
309,2,31,0,4045.58,92.0,2024-12-06,0,1,0,0,0,1,0,0,0,0,0,0,0,0,0,0,0,0,0
111,3,29,4,5114.43,68.0,2024-12-20,0,0,1,0,0,0,0,0,0,1,0,0,0,0,0,0,0,0,0
526,2,30,0,4613.56,66.0,2024-01-05,0,0,0,0,1,0,0,0,0,0,0,0,0,0,0,0,1,0,0
870,3,37,0,3732.7120000000004,95.0,2024-08-09,1,0,0,0,1,0,0,0,0,0,0,0,0,0,0,0,1,0,0
58,4,42,1,5640.02,66.0,2023-08-23,1,0,1,0,0,0,0,0,0,0,0,0,0,0,1,0,0,0,0
651,2,32,2,3548.07,76.0,2022-01-02,0,0,1,0,0,0,0,0,0,0,0,0,0,0,1,0,0,0,0
7,3,41,0,5343.6,61.0,2024-08-12,0,1,0,0,0,0,0,1,0,0,0,0,0,0,0,0,0,0,0
967,2,38,6,5226.84,47.0,2018-04-23,0,0,0,0,0,0,0,0,0,0,0,0,0,0,0,0,0,0,1
139,2,37,1,4781.47,74.0,2023-05-01,0,0,1,0,0,0,0,0,0,1,0,0,0,0,0,0,0,0,0
164,2,28,5,4399.43,74.0,2019-07-12,0,0,0,0,0,0,0,0,0,0,0,0,0,0,0,0,0,0,1
359,2,33,0,3986.88,48.0,2024-01-17,0,1,0,0,0,0,0,1,0,0,0,0,0,0,0,0,0,0,0
839,1,38,0,3077.86,82.0,2024-11-11,0,0,0,0,1,0,0,0,0,0,0,0,0,0,0,0,1,0,0
44,1,23,2,2704.85,80.0,2022-03-06,1,1,0,0,0,1,0,0,0,0,0,0,0,0,0,0,0,0,0
616,2,33,8,7094.9,85.0,2016-03-03,0,0,0,0,0,0,0,0,0,0,0,0,0,1,0,0,0,0,0
64,2,37,1,5088.4,81.0,2023-08-14,0,0,0,0,1,0,0,0,0,0,0,0,0,0,0,0,0,0,0
592,2,35,1,4195.57,80.0,2023-06-25,1,0,1,0,0,0,0,0,0,1,0,0,0,0,0,0,0,0,0
587,3,29,2,6011.45,67.0,2022-07-16,0,0,0,1,0,0,0,0,0,0,0,0,1,0,0,0,0,0,0
39,1,43,11,5338.26,63.0,2013-06-07,0,0,0,0,0,0,0,0,0,0,0,0,0,0,0,0,0,1,0
400,1,40,5,5263.684,81.0,2019-06-13,0,0,0,0,0,0,0,0,0,0,0,0,0,1,0,0,0,0,0
787,2,24,3,4064.3639999999996,70.0,2021-11-18,0,0,0,1,0,0,0,0,0,0,0,1,0,0,0,0,0,0,0
889,3,55,4,5430.78,62.0,2020-10-08,0,1,0,0,0,1,0,0,0,0,0,0,0,0,0,0,0,0,0
984,2,33,3,5403.57,57.0,2021-07-13,1,0,0,0,0,0,0,0,0,0,0,0,0,0,0,0,0,0,1
205,3,38,3,6313.86,61.0,2021-05-21,0,0,0,0,1,0,0,0,0,0,0,0,0,0,0,0,1,0,0
421,2,31,4,5376.78,67.0,2020-11-21,0,0,0,0,1,0,0,0,0,0,0,0,0,0,0,0,1,0,0
961,1,41,3,2981.51,67.0,2021-01-06,0,0,0,1,0,0,1,0,0,0,0,0,0,0,0,0,0,0,0
863,3,41,2,4123.68,68.0,2022-03-04,1,1,0,0,0,1,0,0,0,0,0,0,0,0,0,0,0,0,0
285,1,40,13,4143.54,74.0,2011-02-13,1,0,0,0,1,0,0,0,0,0,0,0,0,0,0,0,1,0,0
453,4,39,0,4858.684,65.0,2024-01-18,0,0,1,0,0,0,0,0,0,0,1,0,0,0,0,0,0,0,0
789,1,33,10,5458.09,91.0,2014-09-06,0,0,0,1,0,0,0,0,0,0,0,0,1,0,0,0,0,0,0
497,1,32,3,4181.01,51.0,2021-01-26,0,0,0,0,1,0,0,0,0,0,0,0,0,0,0,0,1,0,0
419,3,24,4,4836.05,60.0,2020-04-21,0,0,0,1,0,0,1,0,0,0,0,0,0,0,0,0,0,0,0
473,2,36,16,8149.43,85.0,2008-09-08,0,0,0,0,0,0,0,0,0,0,0,0,0,0,0,0,0,1,0
186,2,36,3,5773.67,74.0,2021-05-03,0,1,0,0,0,0,0,1,0,0,0,0,0,0,0,0,0,0,0
969,2,39,4,5032.3,65.0,2020-03-22,0,0,0,0,0,0,0,0,0,0,0,0,0,1,0,0,0,0,0
633,4,24,0,5383.96,82.0,2024-04-04,0,0,0,0,0,0,0,0,0,0,0,0,0,1,0,0,0,0,0
857,4,33,7,7391.16,90.0,2023-08-20,1,0,0,0,1,0,0,0,0,0,0,0,0,0,0,0,1,0,0
873,3,50,2,6077.39,81.0,2022-04-15,0,0,0,0,1,0,0,0,0,0,0,0,0,0,0,0,0,0,0
229,2,44,0,4159.57,68.0,2024-04-02,0,0,0,0,0,0,0,0,0,0,0,0,0,0,0,0,0,0,1
548,2,38,6,5109.09,84.0,2018-10-27,0,0,0,0,1,0,0,0,0,0,0,0,0,0,0,0,0,0,0
858,3,22,1,4892.75,87.0,2023-10-15,0,0,1,0,0,0,0,0,0,0,1,0,0,0,0,0,0,0,0
368,2,24,2,3762.47,67.0,2022-02-04,0,0,0,0,1,0,0,0,0,0,0,0,0,0,0,1,0,0,0
62,1,30,0,4075.45,64.0,2024-01-05,0,0,0,0,0,0,0,0,0,0,0,0,0,0,0,0,0,0,1
627,2,30,2,3516.45,55.0,2022-02-07,0,1,0,0,0,0,0,0,1,0,0,0,0,0,0,0,0,0,0
597,2,40,3,4398.56,80.0,2021-05-20,1,0,0,0,1,0,0,0,0,0,0,0,0,0,0,1,0,0,0
508,1,28,0,2870.52,73.0,2024-07-01,0,0,0,0,0,0,0,0,0,0,0,0,0,0,0,0,0,0,1
545,1,42,8,5236.43,93.0,2016-01-17,0,0,0,0,0,0,0,0,0,0,0,0,0,1,0,0,0,0,0
596,3,21,1,4674.84,86.0,2023-12-05,0,0,0,0,1,0,0,0,0,0,0,0,0,0,0,0,0,0,0
748,2,53,3,6276.68,60.0,2021-10-22,0,0,0,0,1,0,0,0,0,0,0,0,0,0,0,0,1,0,0
455,1,30,2,3422.45,62.0,2022-05-08,0,0,0,0,0,0,0,0,0,0,0,0,0,0,0,0,0,0,1
254,2,30,0,4038.49,88.0,2024-10-22,0,0,0,0,1,0,0,0,0,0,0,0,0,0,0,0,0,0,0
138,2,37,1,3996.37,100.0,2023-03-07,0,0,0,0,1,0,0,0,0,0,0,0,0,0,0,0,0,0,0
515,3,33,2,5358.85,86.0,2022-03-12,0,0,0,0,1,0,0,0,0,0,0,0,0,0,0,0,1,0,0
710,3,26,2,6275.68,57.0,2022-05-03,0,0,0,0,1,0,0,0,0,0,0,0,0,0,0,0,1,0,0
436,1,27,1,3741.84,60.0,2023-12-22,0,0,0,0,1,0,0,0,0,0,0,0,0,0,0,0,1,0,0
571,1,39,1,3279.81,76.0,2023-06-01,0,0,0,0,1,0,0,0,0,0,0,0,0,0,0,0,1,0,0
110,4,36,2,5586.4,91.0,2022-06-11,0,0,0,0,0,0,0,0,0,0,0,0,0,1,0,0,0,0,0
678,2,36,2,4568.84,86.0,2022-02-07,0,0,0,0,0,0,0,0,0,0,0,0,0,1,0,0,0,0,0
361,3,30,3,4103.02,67.0,2021-10-26,1,0,0,1,0,0,1,0,0,0,0,0,0,0,0,0,0,0,0
337,1,24,8,3413.12,75.0,2016-10-18,0,0,0,0,0,0,0,0,0,0,0,0,0,0,0,0,0,1,0
611,2,39,0,3465.32,69.0,2024-04-15,0,0,0,0,0,0,0,0,0,0,0,0,0,1,0,0,0,0,0
701,4,28,1,5960.02,100.0,2023-05-20,0,0,0,0,1,0,0,0,0,0,0,0,0,0,0,0,1,0,0
320,3,32,1,6245.42,83.0,2023-02-06,0,0,0,0,0,0,0,0,0,0,0,0,0,0,0,0,0,1,0
614,3,21,0,5447.04,72.0,2024-09-07,0,1,0,0,0,0,0,0,1,0,0,0,0,0,0,0,0,0,0
397,1,31,6,4812.62,74.0,2018-01-13,0,0,0,0,1,0,0,0,0,0,0,0,0,0,0,0,0,0,0
149,4,39,0,5586.94,72.0,2024-03-05,0,0,0,0,1,0,0,0,0,0,0,0,0,0,0,1,0,0,0
794,3,21,0,4931.76,61.0,2024-08-04,0,0,0,0,1,0,0,0,0,0,0,0,0,0,0,0,0,0,0
685,1,48,4,3361.45,64.0,2020-05-23,0,0,1,0,0,0,0,0,0,1,0,0,0,0,0,0,0,0,0
541,3,37,0,4800.51,83.0,2024-09-15,0,1,0,0,0,0,0,1,0,0,0,0,0,0,0,0,0,0,0
159,3,32,12,7662.64,83.0,2012-04-12,0,0,0,0,1,0,0,0,0,0,0,0,0,0,0,0,0,0,0
929,2,35,0,4076.77,83.0,2024-04-18,0,0,1,0,0,0,0,0,0,0,0,0,0,0,1,0,0,0,0
570,2,42,9,5940.08,82.0,2015-07-20,0,0,0,0,0,0,0,0,0,0,0,0,0,1,0,0,0,0,0
494,2,29,2,5387.67,67.0,2022-04-04,0,0,0,0,1,0,0,0,0,0,0,0,0,0,0,0,1,0,0
24,1,25,3,3374.84,51.0,2021-08-13,0,1,0,0,0,0,0,0,1,0,0,0,0,0,0,0,0,0,0
690,2,41,1,3514.78,76.0,2023-05-12,0,0,1,0,0,0,0,0,0,1,0,0,0,0,0,0,0,0,0
129,2,34,0,3213.66,58.0,2024-05-19,0,1,0,0,0,0,0,1,0,0,0,0,0,0,0,0,0,0,0
862,2,39,2,4344.47,75.0,2022-10-19,0,1,0,0,0,0,0,1,0,0,0,0,0,0,0,0,0,0,0
973,2,32,8,5960.8,62.0,2016-08-02,0,0,0,0,1,0,0,0,0,0,0,0,0,0,0,0,0,0,0
325,1,35,3,3793.31,74.0,2021-01-20,0,1,0,0,0,0,0,1,0,0,0,0,0,0,0,0,0,0,0
903,2,50,2,3795.12,81.0,2022-10-08,0,0,0,0,1,0,0,0,0,0,0,0,0,0,0,1,0,0,0
512,4,41,2,3989.5460000000003,69.0,2022-05-13,0,0,0,0,0,0,0,0,0,0,0,0,0,0,0,0,0,0,1
363,3,41,9,5415.39,76.0,2015-08-07,0,1,0,0,0,0,0,1,0,0,0,0,0,0,0,0,0,0,0
953,2,31,1,2807.93,82.0,2023-04-14,0,1,0,0,0,0,0,1,0,0,0,0,0,0,0,0,0,0,0
468,2,33,1,4754.32,83.0,2023-07-07,0,0,0,0,0,0,0,0,0,0,0,0,0,1,0,0,0,0,0
715,3,26,0,5301.07,65.0,2024-03-03,0,0,1,0,0,0,0,0,0,0,1,0,0,0,0,0,0,0,0
847,1,47,7,4892.69,46.0,2017-05-05,1,0,0,0,0,0,0,0,0,0,0,0,0,0,0,0,0,1,0
759,3,44,3,4127.318,84.0,2021-08-22,0,0,0,0,1,0,0,0,0,0,0,0,0,0,0,0,0,0,0
831,1,41,2,3869.78,61.0,2022-05-04,0,0,1,0,0,0,0,0,0,1,0,0,0,0,0,0,0,0,0
680,2,30,1,4066.4880000000003,56.0,2023-09-07,0,0,0,0,1,0,0,0,0,0,0,0,0,0,0,1,0,0,0
420,4,30,3,6889.94,80.0,2021-11-17,0,0,0,0,0,0,0,0,0,0,0,0,0,0,0,0,0,1,0
527,2,26,6,5745.77,56.0,2018-01-14,0,0,0,0,1,0,0,0,0,0,0,0,0,0,0,0,0,0,0
610,2,32,4,5261.17,60.0,2023-03-08,0,0,0,0,1,0,0,0,0,0,0,0,0,0,0,0,1,0,0
250,2,34,7,6578.79,59.0,2017-10-04,0,0,0,0,0,0,0,0,0,0,0,0,0,0,0,0,0,0,1
380,3,41,2,3200.49,72.4,2022-01-04,1,0,0,0,0,0,0,0,0,0,0,0,0,1,0,0,0,0,0
16,2,29,0,3275.93,90.0,2024-01-11,0,0,0,0,1,0,0,0,0,0,0,0,0,0,0,0,0,0,0
160,2,33,6,4621.28,76.0,2018-08-18,0,0,0,0,0,0,0,0,0,0,0,0,0,0,0,0,0,0,1
645,2,43,1,5005.08,61.8,2023-04-10,0,0,1,0,0,0,0,0,0,0,1,0,0,0,0,0,0,0,0
49,3,35,3,5591.27,81.0,2021-02-20,0,0,0,0,1,0,0,0,0,0,0,0,0,0,0,0,0,0,0
990,4,45,9,7908.56,60.0,2015-04-12,0,0,0,0,0,0,0,0,0,0,0,0,0,0,0,0,0,0,1
412,2,29,0,3934.17,56.0,2024-03-22,0,0,0,0,1,0,0,0,0,0,0,0,0,0,0,0,1,0,0
378,4,34,0,7893.31,79.0,2024-11-16,1,0,0,0,0,0,0,0,0,0,0,0,0,0,0,0,0,1,0
295,3,25,0,4624.26,86.0,2024-12-16,0,0,0,1,0,0,0,0,0,0,0,1,0,0,0,0,0,0,0
568,1,26,8,5163.99,66.0,2016-04-08,0,0,0,0,0,0,0,0,0,0,0,0,0,1,0,0,0,0,0
128,1,30,0,3550.44,80.0,2024-03-06,0,0,0,0,0,0,0,0,0,0,0,0,0,0,0,0,0,0,1
298,4,35,6,8278.29,91.0,2018-11-18,1,0,1,0,0,0,0,0,0,0,1,0,0,0,0,0,0,0,0
997,2,35,7,5706.21,65.0,2017-07-22,0,0,0,1,0,0,1,0,0,0,0,0,0,0,0,0,0,0,0
238,3,35,1,5278.04,92.0,2023-02-26,1,0,0,0,0,0,0,0,0,0,0,0,0,1,0,0,0,0,0
168,2,21,4,5639.91,65.0,2020-07-07,0,0,0,1,0,0,0,0,0,0,0,0,1,0,0,0,0,0,0
893,3,26,2,3975.2,54.0,2022-09-24,0,1,0,0,0,0,0,0,1,0,0,0,0,0,0,0,0,0,0
447,4,35,1,6641.31,70.0,2023-08-09,0,0,1,0,0,0,0,0,0,1,0,0,0,0,0,0,0,0,0
81,1,51,1,3577.73,74.0,2023-10-13,0,0,0,0,0,0,0,0,0,0,0,0,0,0,0,0,0,1,0
876,1,33,1,3336.23,76.0,2023-03-23,0,0,0,0,1,0,0,0,0,0,0,0,0,0,0,1,0,0,0
942,2,24,0,3940.74,58.0,2024-10-22,0,0,0,0,0,0,0,0,0,0,0,0,0,0,0,0,0,1,0
938,3,27,0,4791.36,60.0,2024-02-18,0,0,0,0,1,0,0,0,0,0,0,0,0,0,0,1,0,0,0
31,2,34,3,5065.93,83.0,2021-02-17,0,0,0,0,1,0,0,0,0,0,0,0,0,0,0,0,1,0,0
243,4,37,1,6745.72,69.0,2023-04-24,0,1,0,0,0,1,0,0,0,0,0,0,0,0,0,0,0,0,0
672,3,36,1,5875.6,65.0,2023-10-02,0,0,1,0,0,0,0,0,0,1,0,0,0,0,0,0,0,0,0
741,2,32,9,6951.11,86.0,2015-02-25,1,0,0,0,0,0,0,0,0,0,0,0,0,1,0,0,0,0,0
572,2,38,5,5461.9619999999995,60.0,2019-10-01,0,0,0,0,1,0,0,0,0,0,0,0,0,0,0,1,0,0,0
776,3,37,2,5811.11,74.0,2022-06-27,0,0,0,0,0,0,0,0,0,0,0,0,0,1,0,0,0,0,0
579,2,48,1,4805.202,53.0,2023-08-07,1,0,0,1,0,0,1,0,0,0,0,0,0,0,0,0,0,0,0
706,2,39,4,6357.09,81.0,2019-06-27,0,0,0,0,0,0,0,0,0,0,0,0,0,0,0,0,0,1,0
28,2,37,0,4745.5160000000005,63.0,2024-10-01,1,0,0,0,1,0,0,0,0,0,0,0,0,0,0,0,0,0,0
578,2,34,0,2961.82,56.0,2024-04-10,0,1,0,0,0,0,0,1,0,0,0,0,0,0,0,0,0,0,0
123,1,32,10,4646.16,72.0,2014-10-20,1,0,0,0,0,0,0,0,0,0,0,0,0,0,0,0,0,1,0
803,3,36,2,6011.52,62.0,2022-08-15,0,0,0,1,0,0,0,0,0,0,0,1,0,0,0,0,0,0,0
936,3,35,2,3795.83,75.0,2022-02-19,0,0,0,0,1,0,0,0,0,0,0,0,0,0,0,0,1,0,0
921,2,37,1,3750.718,77.0,2023-09-25,0,0,0,0,1,0,0,0,0,0,0,0,0,0,0,1,0,0,0
724,2,29,0,3834.79,52.0,2024-01-04,0,0,0,1,0,0,0,0,0,0,0,0,1,0,0,0,0,0,0
564,1,36,1,3343.42,77.0,2023-08-06,0,0,1,0,0,0,0,0,0,0,1,0,0,0,0,0,0,0,0
509,2,46,3,5013.05,80.0,2021-10-07,0,0,0,0,0,0,0,0,0,0,0,0,0,0,0,0,0,1,0
272,3,37,2,4374.904,64.0,2022-06-11,0,0,0,1,0,0,0,0,0,0,0,0,1,0,0,0,0,0,0
348,1,41,18,7438.15,66.0,2006-04-19,0,0,0,0,1,0,0,0,0,0,0,0,0,0,0,1,0,0,0
757,3,37,2,4729.84,59.0,2022-01-26,0,0,0,1,0,0,0,0,0,0,0,0,1,0,0,0,0,0,0
278,2,34,1,2639.61,59.0,2023-04-15,0,0,0,1,0,0,1,0,0,0,0,0,0,0,0,0,0,0,0
895,3,45,0,3325.85,98.0,2024-09-06,0,0,0,0,1,0,0,0,0,0,0,0,0,0,0,1,0,0,0
908,2,34,9,5743.03,86.0,2015-09-02,0,0,0,0,1,0,0,0,0,0,0,0,0,0,0,0,0,0,0
432,2,30,3,3753.16,78.0,2021-05-08,0,0,1,0,0,0,0,0,0,0,0,0,0,0,1,0,0,0,0
692,1,43,0,3412.68,77.0,2024-12-22,0,0,0,0,0,0,0,0,0,0,0,0,0,0,0,0,0,0,1
976,4,45,3,6135.33,67.0,2021-06-10,0,0,0,1,0,0,1,0,0,0,0,0,0,0,0,0,0,0,0
148,2,35,2,4060.25,60.0,2022-02-04,0,0,0,0,1,0,0,0,0,0,0,0,0,0,0,0,1,0,0
300,2,28,7,5985.46,87.0,2017-12-08,0,0,0,0,0,0,0,0,0,0,0,0,0,0,0,0,0,1,0
557,3,26,4,6540.66,67.0,2020-06-08,0,0,0,0,0,0,0,0,0,0,0,0,0,1,0,0,0,0,0
446,1,37,1,3253.15,65.0,2023-04-22,0,0,0,0,0,0,0,0,0,0,0,0,0,0,0,0,0,0,1
878,2,40,6,4105.08,83.0,2018-02-15,0,1,0,0,0,0,0,1,0,0,0,0,0,0,0,0,0,0,0
458,1,30,0,3437.75,73.0,2024-05-18,0,0,0,0,0,0,0,0,0,0,0,0,0,1,0,0,0,0,0
52,2,45,3,4970.49,65.0,2021-10-22,0,0,1,0,0,0,0,0,0,0,0,0,0,0,1,0,0,0,0
879,2,48,6,5617.42,64.0,2018-05-08,0,0,1,0,0,0,0,0,0,0,1,0,0,0,0,0,0,0,0
519,2,38,0,3898.8900000000003,79.0,2024-04-16,0,1,0,0,0,0,0,0,1,0,0,0,0,0,0,0,0,0,0
23,2,23,7,4199.94,79.0,2017-11-10,0,0,0,0,1,0,0,0,0,0,0,0,0,0,0,0,0,0,0
319,3,22,5,5090.47,61.0,2019-03-11,0,0,0,0,1,0,0,0,0,0,0,0,0,0,0,1,0,0,0
675,1,30,0,3288.58,70.0,2024-05-27,0,0,1,0,0,0,0,0,0,0,1,0,0,0,0,0,0,0,0
433,3,34,1,5632.4,67.0,2023-12-07,0,0,0,0,0,0,0,0,0,0,0,0,0,0,0,0,0,1,0
210,2,34,2,4329.74,65.6,2022-12-05,0,0,0,0,0,0,0,0,0,0,0,0,0,0,0,0,0,1,0
620,2,40,1,4891.68,66.0,2023-10-25,0,0,0,0,0,0,0,0,0,0,0,0,0,0,0,0,0,1,0
143,3,25,19,4669.732,72.0,2005-05-20,0,0,0,0,0,0,0,0,0,0,0,0,0,1,0,0,0,0,0
51,2,37,2,2969.67,50.0,2022-04-08,0,1,0,0,0,0,0,0,1,0,0,0,0,0,0,0,0,0,0
167,3,43,7,7320.31,74.0,2017-04-20,0,0,0,0,1,0,0,0,0,0,0,0,0,0,0,0,1,0,0
667,1,31,0,2303.4899999999993,70.0,2024-02-19,0,0,0,0,0,0,0,0,0,0,0,0,0,0,0,0,0,0,1
82,3,32,3,5889.87,51.0,2021-10-12,0,0,1,0,0,0,0,0,0,1,0,0,0,0,0,0,0,0,0
849,2,33,2,3189.95,80.0,2022-08-02,0,0,0,0,0,0,0,0,0,0,0,0,0,1,0,0,0,0,0
322,4,32,2,6033.38,66.0,2022-08-12,0,0,0,0,0,0,0,0,0,0,0,0,0,1,0,0,0,0,0
933,2,25,4,4724.75,87.0,2020-02-13,0,0,0,0,1,0,0,0,0,0,0,0,0,0,0,0,0,0,0
965,1,51,4,2856.79,72.0,2020-03-27,0,0,0,0,1,0,0,0,0,0,0,0,0,0,0,0,0,0,0
887,2,37,1,2940.24,53.0,2023-03-15,1,0,0,0,1,0,0,0,0,0,0,0,0,0,0,1,0,0,0
67,1,33,5,5423.6,73.0,2019-08-20,0,0,0,0,0,0,0,0,0,0,0,0,0,1,0,0,0,0,0
335,2,28,3,3907.03,66.0,2021-02-03,0,0,0,0,0,0,0,0,0,0,0,0,0,0,0,0,0,1,0
290,2,42,2,4310.07,82.0,2022-01-26,0,0,0,0,0,0,0,0,0,0,0,0,0,0,0,0,0,0,1
340,2,36,5,5191.5,59.0,2019-10-14,0,0,1,0,0,0,0,0,0,0,0,0,0,0,1,0,0,0,0
830,3,26,10,6574.51,73.6,2014-03-09,0,0,0,0,0,0,0,0,0,0,0,0,0,0,0,0,0,1,0
284,2,35,7,5444.872,84.0,2017-09-08,0,0,0,0,1,0,0,0,0,0,0,0,0,0,0,0,0,0,0
501,1,29,1,3104.15,66.0,2023-10-02,1,0,0,0,1,0,0,0,0,0,0,0,0,0,0,1,0,0,0
665,2,38,5,6323.3,59.0,2019-10-16,0,0,0,0,1,0,0,0,0,0,0,0,0,0,0,0,0,0,0
65,3,36,1,4884.03,82.0,2023-03-06,0,1,0,0,0,0,0,0,1,0,0,0,0,0,0,0,0,0,0
694,3,44,4,5414.36,68.0,2020-03-18,0,0,0,0,1,0,0,0,0,0,0,0,0,0,0,0,0,0,0
265,2,33,4,4279.38,61.0,2020-05-02,0,1,0,0,0,0,0,1,0,0,0,0,0,0,0,0,0,0,0
450,2,47,1,3961.76,68.0,2023-07-26,0,0,1,0,0,0,0,0,0,0,0,0,0,0,1,0,0,0,0
581,3,32,1,4404.87,83.0,2023-03-22,1,0,0,0,1,0,0,0,0,0,0,0,0,0,0,0,1,0,0
784,2,36,1,3625.17,76.0,2023-01-13,0,0,0,0,1,0,0,0,0,0,0,0,0,0,0,0,1,0,0
21,2,44,7,6525.71,71.0,2017-01-17,0,0,0,0,0,0,0,0,0,0,0,0,0,1,0,0,0,0,0
443,3,25,3,5721.8,65.0,2021-05-11,0,1,0,0,0,0,0,1,0,0,0,0,0,0,0,0,0,0,0
822,3,40,1,5924.26,53.0,2023-08-01,0,1,0,0,0,0,0,0,1,0,0,0,0,0,0,0,0,0,0
747,2,48,1,3432.67,78.0,2023-01-12,1,1,0,0,0,0,0,1,0,0,0,0,0,0,0,0,0,0,0
297,3,27,1,6210.77,80.0,2023-07-05,0,0,0,0,0,0,0,0,0,0,0,0,0,0,0,0,0,0,1
500,2,24,6,5178.46,63.0,2018-04-05,0,0,0,0,1,0,0,0,0,0,0,0,0,0,0,0,0,0,0
573,3,28,0,6000.25,75.0,2024-08-09,0,0,0,1,0,0,0,0,0,0,0,0,1,0,0,0,0,0,0
262,1,38,11,6946.51,85.0,2013-07-19,0,0,0,0,0,0,0,0,0,0,0,0,0,1,0,0,0,0,0
805,3,38,4,6145.43,82.0,2020-12-21,0,0,0,0,0,0,0,0,0,0,0,0,0,1,0,0,0,0,0
866,2,47,2,5009.33,94.0,2022-02-10,0,0,0,1,0,0,0,0,0,0,0,0,1,0,0,0,0,0,0
683,2,33,1,5192.02,74.0,2023-07-23,0,0,0,0,1,0,0,0,0,0,0,0,0,0,0,1,0,0,0
558,1,31,0,4139.57,71.0,2024-03-27,1,0,0,0,0,0,0,0,0,0,0,0,0,0,0,0,0,1,0
612,1,34,3,3438.84,68.0,2021-04-01,0,0,0,0,0,0,0,0,0,0,0,0,0,1,0,0,0,0,0
622,3,38,4,6960.62,49.0,2015-03-20,0,1,0,0,0,1,0,0,0,0,0,0,0,0,0,0,0,0,0
529,1,34,1,4497.946,66.0,2023-02-11,0,0,0,1,0,0,0,0,0,0,0,0,1,0,0,0,0,0,0
882,3,55,0,4688.18,66.0,2024-11-10,0,0,1,0,0,0,0,0,0,0,1,0,0,0,0,0,0,0,0
189,3,30,0,5279.84,66.0,2024-08-15,0,0,1,0,0,0,0,0,0,1,0,0,0,0,0,0,0,0,0
252,2,40,1,4789.55,81.0,2023-07-26,0,0,0,1,0,0,1,0,0,0,0,0,0,0,0,0,0,0,0
102,2,37,1,4079.6059999999998,63.0,2023-09-02,1,0,0,0,0,0,0,0,0,0,0,0,0,0,0,0,0,0,1
946,3,58,2,5480.57,73.0,2022-10-21,0,0,0,0,1,0,0,0,0,0,0,0,0,0,0,0,1,0,0
398,2,27,0,3555.2,82.0,2024-08-11,1,1,0,0,0,1,0,0,0,0,0,0,0,0,0,0,0,0,0
888,2,43,7,5701.6,59.0,2017-10-04,0,0,0,0,1,0,0,0,0,0,0,0,0,0,0,0,1,0,0
566,2,37,5,4915.31,48.0,2019-03-18,0,0,0,0,1,0,0,0,0,0,0,0,0,0,0,0,0,0,0
668,3,40,2,4659.4400000000005,93.0,2022-06-04,0,0,0,0,1,0,0,0,0,0,0,0,0,0,0,1,0,0,0
996,2,51,0,3142.52,90.0,2024-11-27,0,0,0,0,0,0,0,0,0,0,0,0,0,1,0,0,0,0,0
772,3,37,5,6181.97,88.0,2019-06-11,0,0,0,0,1,0,0,0,0,0,0,0,0,0,0,1,0,0,0
331,3,21,2,3767.41,65.0,2017-06-27,0,0,0,0,0,0,0,0,0,0,0,0,0,0,0,0,0,1,0
599,1,44,1,2944.51,83.0,2023-01-17,1,0,0,0,1,0,0,0,0,0,0,0,0,0,0,1,0,0,0
735,2,38,6,5983.57,59.0,2018-04-15,0,0,0,0,1,0,0,0,0,0,0,0,0,0,0,1,0,0,0
366,2,21,2,3799.35,63.0,2024-04-13,1,1,0,0,0,1,0,0,0,0,0,0,0,0,0,0,0,0,0
282,2,45,5,5877.57,80.0,2019-01-17,0,0,0,0,1,0,0,0,0,0,0,0,0,0,0,0,1,0,0
867,3,34,0,4697.13,75.0,2024-12-12,0,0,0,0,1,0,0,0,0,0,0,0,0,0,0,0,0,0,0
782,1,37,4,4473.91,79.0,2020-10-13,0,0,0,0,0,0,0,0,0,0,0,0,0,1,0,0,0,0,0
814,2,27,0,3745.66,92.0,2024-09-19,0,0,0,1,0,0,0,0,0,0,0,1,0,0,0,0,0,0,0
854,1,31,0,2932.07,61.0,2024-02-18,1,0,0,1,0,0,0,0,0,0,0,1,0,0,0,0,0,0,0
464,2,31,1,3869.51,67.0,2023-06-18,1,0,0,1,0,0,0,0,0,0,0,1,0,0,0,0,0,0,0
208,1,33,4,3888.78,88.0,2023-11-11,0,0,0,0,0,0,0,0,0,0,0,0,0,1,0,0,0,0,0
514,2,30,7,5793.83,71.0,2017-09-16,0,1,0,0,0,1,0,0,0,0,0,0,0,0,0,0,0,0,0
219,4,43,0,4704.39,77.0,2024-03-02,0,0,0,0,1,0,0,0,0,0,0,0,0,0,0,0,0,0,0
240,2,34,0,2988.34,68.0,2024-01-17,1,0,0,1,0,0,0,0,0,0,0,0,1,0,0,0,0,0,0
964,2,33,11,6131.63,52.0,2013-01-01,0,0,0,1,0,0,1,0,0,0,0,0,0,0,0,0,0,0,0
356,2,36,5,5932.51,57.0,2019-07-14,0,0,0,0,1,0,0,0,0,0,0,0,0,0,0,0,0,0,0
565,3,35,3,5320.05,72.0,2021-07-09,0,0,0,0,1,0,0,0,0,0,0,0,0,0,0,0,0,0,0
193,3,41,1,4650.98,76.0,2023-09-01,1,1,0,0,0,0,0,1,0,0,0,0,0,0,0,0,0,0,0
281,3,27,1,5540.93,98.0,2023-01-21,1,0,0,0,0,0,0,0,0,0,0,0,0,1,0,0,0,0,0
192,1,22,0,3149.39,74.0,2024-09-19,0,0,0,0,1,0,0,0,0,0,0,0,0,0,0,0,0,0,0
408,1,38,1,3946.57,54.0,2023-09-23,0,0,0,1,0,0,0,0,0,0,0,1,0,0,0,0,0,0,0
431,2,35,3,3631.26,77.0,2021-07-27,1,1,0,0,0,0,0,1,0,0,0,0,0,0,0,0,0,0,0
686,2,37,1,4101.09,64.0,2023-09-17,0,0,1,0,0,0,0,0,0,1,0,0,0,0,0,0,0,0,0
133,2,37,4,6489.87,72.0,2020-10-04,0,0,0,0,1,0,0,0,0,0,0,0,0,0,0,0,1,0,0
708,2,35,5,4865.15,75.0,2019-03-15,0,0,0,0,0,0,0,0,0,0,0,0,0,1,0,0,0,0,0
524,2,32,2,3827.04,68.0,2022-05-11,0,1,0,0,0,0,0,1,0,0,0,0,0,0,0,0,0,0,0
253,2,31,25,8807.73,55.0,2005-06-21,0,0,0,0,0,0,0,0,0,0,0,0,0,0,0,0,0,0,1
721,2,40,2,5777.41,59.0,2022-07-08,0,0,1,0,0,0,0,0,0,0,1,0,0,0,0,0,0,0,0
552,2,41,1,3888.78,86.0,2023-04-27,0,0,0,0,1,0,0,0,0,0,0,0,0,0,0,0,1,0,0
264,2,38,0,2803.95,70.0,2024-10-06,1,0,1,0,0,0,0,0,0,0,1,0,0,0,0,0,0,0,0
71,2,37,1,3813.51,59.0,2023-09-21,0,1,0,0,0,1,0,0,0,0,0,0,0,0,0,0,0,0,0
273,3,32,3,6759.84,81.0,2021-04-18,0,0,0,0,0,0,0,0,0,0,0,0,0,0,0,0,0,0,1
113,3,34,12,7479.38,92.0,2012-09-18,0,0,0,0,1,0,0,0,0,0,0,0,0,0,0,0,1,0,0
328,1,26,0,2358.94,77.0,2024-02-01,0,0,0,1,0,0,0,0,0,0,0,1,0,0,0,0,0,0,0
116,1,42,1,3011.27,100.0,2023-03-03,1,0,0,0,0,0,0,0,0,0,0,0,0,0,0,0,0,1,0
324,1,40,4,2975.57,53.0,2020-04-12,0,0,0,1,0,0,0,0,0,0,0,1,0,0,0,0,0,0,0
38,4,33,7,7814.6,72.0,2017-08-10,0,1,0,0,0,1,0,0,0,0,0,0,0,0,0,0,0,0,0
868,2,27,1,4196.46,51.0,2023-08-13,0,0,0,1,0,0,0,0,0,0,0,1,0,0,0,0,0,0,0
424,1,35,2,4377.58,93.0,2022-11-15,1,0,0,0,0,0,0,0,0,0,0,0,0,0,0,0,0,0,1
906,2,55,3,3538.8600000000006,71.0,2021-04-19,0,0,0,1,0,0,0,0,0,0,0,1,0,0,0,0,0,0,0
835,2,38,2,3532.25,71.0,2022-03-04,1,0,0,0,1,0,0,0,0,0,0,0,0,0,0,0,1,0,0
948,2,43,6,5411.22,78.0,2018-04-12,0,0,0,0,0,0,0,0,0,0,0,0,0,1,0,0,0,0,0
516,3,42,1,5145.76,57.0,2023-05-19,0,0,0,1,0,0,0,0,0,0,0,0,1,0,0,0,0,0,0
531,2,52,11,6318.16,86.0,2013-08-11,1,0,0,1,0,0,0,0,0,0,0,0,1,0,0,0,0,0,0
603,4,30,2,7320.74,57.0,2022-04-15,1,0,1,0,0,0,0,0,0,0,1,0,0,0,0,0,0,0,0
755,2,33,2,4489.92,94.0,2024-05-09,0,0,0,1,0,0,0,0,0,0,0,0,1,0,0,0,0,0,0
654,3,40,6,6197.29,67.0,2018-01-10,0,0,0,0,0,0,0,0,0,0,0,0,0,1,0,0,0,0,0
279,1,34,0,3785.09,63.0,2024-04-02,1,0,0,0,0,0,0,0,0,0,0,0,0,1,0,0,0,0,0
840,4,44,5,5787.7119999999995,65.0,2019-03-07,0,0,0,1,0,0,0,0,0,0,0,1,0,0,0,0,0,0,0
695,4,30,0,7626.83,70.0,2024-12-13,0,0,0,0,1,0,0,0,0,0,0,0,0,0,0,0,0,0,0
3,2,34,3,3577.61,73.0,2021-07-18,0,0,0,0,1,0,0,0,0,0,0,0,0,0,0,0,0,0,0
230,3,36,6,5418.474,70.0,2018-03-06,0,0,0,0,1,0,0,0,0,0,0,0,0,0,0,0,0,0,0
504,3,29,8,8564.48,54.0,2016-10-18,0,0,1,0,0,0,0,0,0,1,0,0,0,0,0,0,0,0,0
991,3,33,2,6394.98,75.0,2022-06-26,0,0,0,0,0,0,0,0,0,0,0,0,0,1,0,0,0,0,0
869,2,42,2,5229.79,51.0,2022-09-14,1,0,0,0,0,0,0,0,0,0,0,0,0,0,0,0,0,1,0
915,3,21,10,8564.61,88.0,2014-10-14,0,1,0,0,0,0,0,1,0,0,0,0,0,0,0,0,0,0,0
619,3,26,2,4659.39,68.0,2022-03-24,0,0,0,0,0,0,0,0,0,0,0,0,0,0,0,0,0,0,1
200,3,34,2,5599.99,69.0,2022-05-17,0,0,0,1,0,0,1,0,0,0,0,0,0,0,0,0,0,0,0
917,1,30,4,4950.75,79.0,2020-09-27,0,0,0,0,0,0,0,0,0,0,0,0,0,0,0,0,0,0,1
955,2,47,2,4419.22,62.0,2022-12-19,0,0,1,0,0,0,0,0,0,0,0,0,0,0,1,0,0,0,0
438,2,29,0,5406.916,65.0,2024-10-26,0,0,0,0,0,0,0,0,0,0,0,0,0,0,0,0,0,0,1
656,2,43,0,4084.2,81.0,2024-02-01,0,0,0,0,0,0,0,0,0,0,0,0,0,0,0,0,0,0,1
66,1,34,3,4293.33,78.4,2021-06-25,0,1,0,0,0,1,0,0,0,0,0,0,0,0,0,0,0,0,0
308,2,24,1,3354.01,65.0,2023-02-19,0,0,0,0,1,0,0,0,0,0,0,0,0,0,0,0,0,0,0
41,2,34,2,3755.55,49.0,2022-05-11,1,0,0,1,0,0,0,0,0,0,0,0,1,0,0,0,0,0,0
591,2,31,2,3461.73,63.0,2022-07-17,0,0,0,0,0,0,0,0,0,0,0,0,0,0,0,0,0,1,0
795,3,32,0,6034.21,71.0,2024-11-08,0,1,0,0,0,0,0,1,0,0,0,0,0,0,0,0,0,0,0
697,3,24,3,4761.48,74.0,2021-09-23,0,0,0,0,0,0,0,0,0,0,0,0,0,0,0,0,0,1,0
505,2,21,0,3714.3799999999997,82.0,2024-03-20,0,0,0,0,1,0,0,0,0,0,0,0,0,0,0,0,1,0,0
542,4,22,3,7834.41,75.0,2021-03-27,0,0,0,0,1,0,0,0,0,0,0,0,0,0,0,0,1,0,0
50,2,50,7,5537.75,81.0,2017-08-05,0,0,0,0,0,0,0,0,0,0,0,0,0,1,0,0,0,0,0
604,3,33,4,5580.69,80.0,2020-11-25,0,0,0,0,0,0,0,0,0,0,0,0,0,0,0,0,0,1,0
274,3,25,2,4751.14,72.0,2022-04-15,0,0,1,0,0,0,0,0,0,1,0,0,0,0,0,0,0,0,0
745,2,57,3,4474.04,61.0,2021-03-26,0,1,0,0,0,0,0,1,0,0,0,0,0,0,0,0,0,0,0
702,4,40,1,6591.78,63.0,2023-06-17,0,0,1,0,0,0,0,0,0,0,1,0,0,0,0,0,0,0,0
687,2,32,11,6852.9,73.0,2013-03-06,1,0,0,0,1,0,0,0,0,0,0,0,0,0,0,1,0,0,0
178,1,38,1,3558.5700000000006,66.0,2023-01-24,0,1,0,0,0,0,0,0,1,0,0,0,0,0,0,0,0,0,0
301,2,35,7,6356.71,64.0,2017-12-08,0,0,0,1,0,0,1,0,0,0,0,0,0,0,0,0,0,0,0
354,1,27,3,3961.6799999999994,75.0,2021-06-04,0,1,0,0,0,0,0,0,1,0,0,0,0,0,0,0,0,0,0
203,3,28,3,5772.62,83.0,2021-03-15,0,0,1,0,0,0,0,0,0,1,0,0,0,0,0,0,0,0,0
237,2,36,6,4509.63,58.0,2018-08-04,0,0,0,0,0,0,0,0,0,0,0,0,0,0,0,0,0,0,1
150,2,32,3,4141.53,51.0,2021-05-09,1,0,0,1,0,0,0,0,0,0,0,0,1,0,0,0,0,0,0
448,1,35,1,2551.78,65.0,2023-06-04,1,0,0,1,0,0,0,0,0,0,0,0,1,0,0,0,0,0,0
218,3,21,0,4100.41,55.0,2024-08-03,0,0,0,1,0,0,0,0,0,0,0,0,1,0,0,0,0,0,0
723,3,34,1,4527.9,79.2,2023-06-10,0,1,0,0,0,0,0,1,0,0,0,0,0,0,0,0,0,0,0
474,2,53,3,4666.16,83.0,2021-02-03,0,0,0,0,0,0,0,0,0,0,0,0,0,1,0,0,0,0,0
653,2,34,3,3611.21,79.0,2021-07-01,0,0,0,0,0,0,0,0,0,0,0,0,0,0,0,0,0,0,1
303,1,39,1,3175.44,78.0,2021-04-07,0,0,0,0,0,0,0,0,0,0,0,0,0,1,0,0,0,0,0
914,2,40,3,5241.71,58.0,2021-09-18,0,0,0,0,1,0,0,0,0,0,0,0,0,0,0,1,0,0,0
978,3,21,2,6227.94,91.0,2022-04-23,0,0,0,0,0,0,0,0,0,0,0,0,0,0,0,0,0,0,1
717,2,32,9,6160.33,70.0,2015-06-05,0,0,0,0,1,0,0,0,0,0,0,0,0,0,0,1,0,0,0
986,3,43,1,4213.376,73.0,2023-07-25,0,0,0,0,0,0,0,0,0,0,0,0,0,1,0,0,0,0,0
389,2,40,1,3259.45,59.0,2023-02-19,0,0,0,0,1,0,0,0,0,0,0,0,0,0,0,1,0,0,0
479,1,29,1,3052.87,78.0,2023-10-16,0,0,0,1,0,0,0,0,0,0,0,0,1,0,0,0,0,0,0
492,3,31,0,4259.346,68.0,2024-01-05,0,0,0,1,0,0,1,0,0,0,0,0,0,0,0,0,0,0,0
423,2,42,3,4633.14,69.4,2021-05-13,0,1,0,0,0,1,0,0,0,0,0,0,0,0,0,0,0,0,0
388,3,21,0,4311.22,68.0,2024-05-03,1,0,0,0,0,0,0,0,0,0,0,0,0,0,0,0,0,1,0
860,2,38,5,5303.8,78.0,2019-11-02,0,1,0,0,0,1,0,0,0,0,0,0,0,0,0,0,0,0,0
391,1,38,5,3733.38,79.0,2019-09-15,1,0,0,0,0,0,0,0,0,0,0,0,0,0,0,0,0,1,0
535,1,26,10,5804.7,72.0,2014-04-10,0,0,0,0,1,0,0,0,0,0,0,0,0,0,0,1,0,0,0
353,2,25,3,5854.54,65.0,2021-02-15,0,0,0,0,0,0,0,0,0,0,0,0,0,0,0,0,0,0,1
194,1,48,5,3832.03,73.0,2019-02-09,0,0,0,0,0,0,0,0,0,0,0,0,0,1,0,0,0,0,0
770,3,29,5,6937.21,64.0,2019-03-22,0,0,1,0,0,0,0,0,0,0,1,0,0,0,0,0,0,0,0
890,2,33,6,4067.29,59.0,2018-12-14,0,0,0,0,1,0,0,0,0,0,0,0,0,0,0,0,1,0,0
481,3,37,4,6732.58,76.0,2020-09-11,0,1,0,0,0,0,0,0,1,0,0,0,0,0,0,0,0,0,0
56,2,34,7,5612.66,61.0,2017-04-25,0,0,0,0,1,0,0,0,0,0,0,0,0,0,0,1,0,0,0
117,2,37,5,5540.25,49.0,2019-04-24,0,0,0,0,1,0,0,0,0,0,0,0,0,0,0,0,0,0,0
97,2,27,8,5943.29,64.0,2016-09-02,0,0,0,1,0,0,0,0,0,0,0,1,0,0,0,0,0,0,0
142,2,49,0,3278.47,72.0,2024-12-17,0,0,1,0,0,0,0,0,0,0,1,0,0,0,0,0,0,0,0
958,3,31,0,4478.16,91.0,2024-05-11,0,0,0,0,0,0,0,0,0,0,0,0,0,0,0,0,0,1,0
918,2,37,2,4825.33,60.0,2022-02-27,0,0,0,0,0,0,0,0,0,0,0,0,0,0,0,0,0,0,1
636,2,21,4,5645.248,74.0,2020-09-17,0,0,0,0,0,0,0,0,0,0,0,0,0,0,0,0,0,0,1
598,3,32,1,5572.36,77.0,2023-07-26,0,0,0,0,0,0,0,0,0,0,0,0,0,0,0,0,0,0,1
674,1,51,4,3643.9,62.0,2020-05-09,0,0,1,0,0,0,0,0,0,0,0,0,0,0,1,0,0,0,0
121,2,21,7,5761.6,53.0,2017-01-25,0,0,1,0,0,0,0,0,0,0,0,0,0,0,1,0,0,0,0
811,3,38,1,4077.4699999999993,63.0,2023-12-07,0,0,0,0,0,0,0,0,0,0,0,0,0,1,0,0,0,0,0
930,3,41,0,4908.54,73.0,2024-03-05,1,0,0,0,0,0,0,0,0,0,0,0,0,0,0,0,0,0,1
63,4,29,10,6916.65,78.0,2014-12-03,0,0,0,1,0,0,0,0,0,0,0,0,1,0,0,0,0,0,0
809,3,26,0,2617.54,58.0,2024-01-10,0,0,1,0,0,0,0,0,0,0,1,0,0,0,0,0,0,0,0
819,2,29,2,4441.97,74.4,2022-03-11,0,0,0,0,1,0,0,0,0,0,0,0,0,0,0,1,0,0,0
454,2,41,1,3957.17,90.0,2023-12-21,0,0,0,1,0,0,0,0,0,0,0,1,0,0,0,0,0,0,0
780,3,21,1,5444.39,69.0,2023-07-03,0,0,0,1,0,0,0,0,0,0,0,0,1,0,0,0,0,0,0
415,3,34,2,5084.51,67.0,2022-02-10,0,0,0,0,1,0,0,0,0,0,0,0,0,0,0,1,0,0,0
4,2,29,1,4523.36,75.2,2023-08-15,0,1,0,0,0,1,0,0,0,0,0,0,0,0,0,0,0,0,0
59,2,32,13,6090.25,74.0,2011-08-06,0,0,0,1,0,0,1,0,0,0,0,0,0,0,0,0,0,0,0
224,2,37,6,5488.08,88.0,2018-11-23,0,0,0,0,0,0,0,0,0,0,0,0,0,0,0,0,0,1,0
222,2,21,10,7083.85,69.0,2014-05-07,0,0,1,0,0,0,0,0,0,1,0,0,0,0,0,0,0,0,0
466,2,46,2,4867.93,77.0,2022-12-12,0,1,0,0,0,0,0,1,0,0,0,0,0,0,0,0,0,0,0
53,2,31,1,3552.65,71.0,2023-08-11,0,0,0,0,1,0,0,0,0,0,0,0,0,0,0,1,0,0,0
486,1,34,3,3471.58,66.0,2021-06-07,0,0,0,0,0,0,0,0,0,0,0,0,0,0,0,0,0,0,1
709,4,36,1,4417.49,70.0,2023-05-04,1,0,0,0,0,0,0,0,0,0,0,0,0,0,0,0,0,1,0
156,2,30,1,3974.8,83.0,2023-05-12,0,0,0,0,0,0,0,0,0,0,0,0,0,0,0,0,0,1,0
707,2,39,2,4240.9,74.0,2022-05-12,0,0,0,0,0,0,0,0,0,0,0,0,0,0,0,0,0,0,1
249,3,28,1,4449.53,66.0,2023-11-04,0,0,0,0,0,0,0,0,0,0,0,0,0,0,0,0,0,1,0
442,2,28,0,9448.096,74.0,2024-02-13,0,0,0,0,0,0,0,0,0,0,0,0,0,0,0,0,0,0,1
904,1,51,8,6313.73,66.0,2016-06-21,0,0,1,0,0,0,0,0,0,0,0,0,0,0,1,0,0,0,0
569,3,21,1,5113.78,81.2,2023-09-14,0,0,0,0,0,0,0,0,0,0,0,0,0,0,0,0,0,0,1
925,2,46,0,3786.0,68.0,2024-04-13,0,0,1,0,0,0,0,0,0,1,0,0,0,0,0,0,0,0,0
292,2,39,6,5866.54,81.0,2018-04-26,0,0,1,0,0,0,0,0,0,0,0,0,0,0,1,0,0,0,0
382,2,38,7,6544.08,58.0,2017-12-24,0,1,0,0,0,1,0,0,0,0,0,0,0,0,0,0,0,0,0
952,2,32,6,6475.11,54.0,2018-04-21,0,0,0,0,0,0,0,0,0,0,0,0,0,1,0,0,0,0,0
762,2,29,4,4830.12,63.0,2020-01-09,0,0,0,0,1,0,0,0,0,0,0,0,0,0,0,0,0,0,0
963,3,40,1,4658.58,80.0,2023-02-26,0,0,0,1,0,0,1,0,0,0,0,0,0,0,0,0,0,0,0
506,3,36,0,4840.22,68.0,2024-02-10,0,0,0,1,0,0,1,0,0,0,0,0,0,0,0,0,0,0,0
815,2,39,0,3998.6899999999996,65.0,2024-08-10,1,0,0,1,0,0,0,0,0,0,0,1,0,0,0,0,0,0,0
861,2,34,5,5366.96,73.0,2019-11-16,1,0,0,0,0,0,0,0,0,0,0,0,0,0,0,0,0,1,0
341,1,42,0,3744.93,67.0,2024-12-25,0,0,0,1,0,0,0,0,0,0,0,0,1,0,0,0,0,0,0
155,2,28,4,5548.73,52.0,2020-10-08,0,0,0,0,0,0,0,0,0,0,0,0,0,0,0,0,0,0,1
916,2,21,2,3480.24,81.0,2022-06-23,0,0,0,0,0,0,0,0,0,0,0,0,0,0,0,0,0,0,1
777,3,33,1,5873.75,43.0,2023-06-07,0,0,1,0,0,0,0,0,0,0,0,0,0,0,1,0,0,0,0
838,3,22,1,4472.97,68.0,2023-12-03,0,1,0,0,0,0,0,1,0,0,0,0,0,0,0,0,0,0,0
323,2,32,4,3626.0599999999995,81.0,2020-03-24,0,0,0,0,1,0,0,0,0,0,0,0,0,0,0,1,0,0,0
643,2,37,1,5123.76,62.0,2023-09-26,0,0,0,1,0,0,0,0,0,0,0,0,1,0,0,0,0,0,0
624,3,31,11,7366.22,71.2,2013-12-10,0,1,0,0,0,0,0,0,1,0,0,0,0,0,0,0,0,0,0
83,2,26,4,5408.0,100.0,2020-05-26,0,0,0,0,1,0,0,0,0,0,0,0,0,0,0,1,0,0,0
621,1,40,6,5037.39,68.0,2018-08-06,0,1,0,0,0,0,0,0,1,0,0,0,0,0,0,0,0,0,0
465,3,31,10,5565.21,58.0,2014-11-09,1,0,0,1,0,0,0,0,0,0,0,0,1,0,0,0,0,0,0
761,4,55,10,8623.87,73.0,2014-09-02,0,0,1,0,0,0,0,0,0,1,0,0,0,0,0,0,0,0,0
334,2,26,6,4058.72,88.0,2018-01-03,0,0,0,0,1,0,0,0,0,0,0,0,0,0,0,0,0,0,0
11,3,31,9,4620.052,82.0,2015-09-03,1,1,0,0,0,1,0,0,0,0,0,0,0,0,0,0,0,0,0
471,2,22,1,2771.14,61.0,2023-09-08,1,0,0,0,0,0,0,0,0,0,0,0,0,1,0,0,0,0,0
33,2,21,4,5604.16,90.0,2020-03-09,0,0,0,0,1,0,0,0,0,0,0,0,0,0,0,0,0,0,0
934,1,31,3,4017.02,68.0,2021-03-13,0,0,1,0,0,0,0,0,0,1,0,0,0,0,0,0,0,0,0
383,2,38,1,3733.12,62.0,2023-04-17,0,0,0,0,0,0,0,0,0,0,0,0,0,1,0,0,0,0,0
726,3,45,8,4041.11,70.0,2016-04-27,0,0,0,0,1,0,0,0,0,0,0,0,0,0,0,0,0,0,0
631,1,21,1,3375.55,73.0,2023-08-09,0,0,0,1,0,0,0,0,0,0,0,1,0,0,0,0,0,0,0
959,1,21,3,3737.77,57.0,2021-07-23,0,0,0,1,0,0,0,0,0,0,0,1,0,0,0,0,0,0,0
968,4,38,0,6118.77,61.0,2024-07-27,1,0,0,0,1,0,0,0,0,0,0,0,0,0,0,1,0,0,0
379,4,39,8,7782.24,85.0,2020-11-14,1,0,0,1,0,0,0,0,0,0,0,1,0,0,0,0,0,0,0
90,2,33,2,4351.38,84.0,2022-07-12,0,0,0,1,0,0,1,0,0,0,0,0,0,0,0,0,0,0,0
214,2,41,1,4211.53,93.0,2023-05-22,0,0,0,0,1,0,0,0,0,0,0,0,0,0,0,1,0,0,0
987,2,25,2,4282.83,73.0,2022-06-26,0,0,0,0,0,0,0,0,0,0,0,0,0,0,0,0,0,1,0
134,2,40,0,3247.56,78.0,2024-07-24,0,0,0,1,0,0,0,0,0,0,0,1,0,0,0,0,0,0,0
347,2,22,4,4438.99,78.0,2020-02-05,0,0,0,0,1,0,0,0,0,0,0,0,0,0,0,0,0,0,0
8,3,31,3,5931.19,51.0,2021-03-01,0,0,0,0,0,0,0,0,0,0,0,0,0,1,0,0,0,0,0
658,2,31,0,3677.9299999999994,82.0,2024-04-16,0,0,0,1,0,0,0,0,0,0,0,1,0,0,0,0,0,0,0
321,2,41,3,5258.69,64.0,2021-01-10,0,1,0,0,0,1,0,0,0,0,0,0,0,0,0,0,0,0,0
832,2,46,1,3830.23,74.0,2023-12-13,0,0,0,0,0,0,0,0,0,0,0,0,0,0,0,0,0,1,0
188,1,29,5,4796.4,78.0,2019-02-26,0,0,0,0,0,0,0,0,0,0,0,0,0,0,0,0,0,0,1
553,2,42,4,4845.273999999999,69.0,2020-01-16,0,0,1,0,0,0,0,0,0,1,0,0,0,0,0,0,0,0,0
305,1,36,0,3009.25,67.0,2024-08-10,0,0,0,0,0,0,0,0,0,0,0,0,0,0,0,0,0,1,0
32,2,46,6,5654.8,85.0,2018-08-10,0,1,0,0,0,1,0,0,0,0,0,0,0,0,0,0,0,0,0
652,2,37,6,5858.94,65.0,2018-03-18,0,0,0,1,0,0,0,0,0,0,0,1,0,0,0,0,0,0,0
241,2,36,2,4407.152,78.0,2022-12-11,0,1,0,0,0,0,0,1,0,0,0,0,0,0,0,0,0,0,0
880,4,27,1,5984.65,71.0,2023-10-12,0,1,0,0,0,1,0,0,0,0,0,0,0,0,0,0,0,0,0
175,2,36,1,3915.67,82.0,2023-06-12,0,0,0,0,1,0,0,0,0,0,0,0,0,0,0,0,1,0,0
246,4,22,1,5608.16,81.0,2023-11-18,0,0,0,0,1,0,0,0,0,0,0,0,0,0,0,0,0,0,0
57,2,38,3,5674.04,47.0,2021-04-26,0,0,1,0,0,0,0,0,0,0,1,0,0,0,0,0,0,0,0
799,3,34,1,5142.23,87.0,2023-10-09,0,0,0,0,0,0,0,0,0,0,0,0,0,0,0,0,0,0,1
146,2,40,4,6077.43,75.0,2020-07-20,0,0,0,0,1,0,0,0,0,0,0,0,0,0,0,0,1,0,0
91,3,21,8,5275.082,58.0,2016-11-23,0,0,0,0,0,0,0,0,0,0,0,0,0,0,0,0,0,0,1
393,2,31,0,4057.01,79.0,2024-08-09,0,0,0,0,1,0,0,0,0,0,0,0,0,0,0,1,0,0,0
311,2,37,10,6223.04,61.0,2014-08-21,0,0,0,0,1,0,0,0,0,0,0,0,0,0,0,1,0,0,0
360,3,30,5,5333.85,76.0,2019-04-09,0,0,0,0,0,0,0,0,0,0,0,0,0,0,0,0,0,0,1
94,3,46,11,5768.818,69.0,2013-11-13,0,0,0,0,1,0,0,0,0,0,0,0,0,0,0,1,0,0,0
738,3,28,4,5376.0,59.0,2020-10-18,0,0,0,0,1,0,0,0,0,0,0,0,0,0,0,0,1,0,0
377,2,42,0,3585.51,63.0,2024-07-16,1,0,1,0,0,0,0,0,0,1,0,0,0,0,0,0,0,0,0
244,3,21,1,6085.5,74.0,2023-10-08,1,0,0,1,0,0,0,0,0,0,0,1,0,0,0,0,0,0,0
875,3,21,4,4578.9,86.0,2020-09-09,0,0,0,0,0,0,0,0,0,0,0,0,0,0,0,0,0,1,0
88,3,42,4,6978.72,84.0,2020-10-15,1,1,0,0,0,0,0,0,1,0,0,0,0,0,0,0,0,0,0
215,3,34,0,5270.67,71.0,2024-04-06,0,0,0,1,0,0,0,0,0,0,0,1,0,0,0,0,0,0,0
445,4,21,2,4582.07,67.0,2022-04-08,0,0,0,0,0,0,0,0,0,0,0,0,0,0,0,0,0,1,0
174,1,33,1,4253.966,60.0,2023-09-04,0,0,0,0,0,0,0,0,0,0,0,0,0,0,0,0,0,0,1
426,3,32,7,4915.36,84.0,2017-08-22,0,0,0,1,0,0,1,0,0,0,0,0,0,0,0,0,0,0,0
823,2,25,4,5773.32,66.0,2020-05-16,0,0,0,1,0,0,1,0,0,0,0,0,0,0,0,0,0,0,0
119,3,37,0,4987.69,75.0,2024-06-15,0,0,0,0,0,0,0,0,0,0,0,0,0,0,0,0,0,0,1
120,1,31,1,3760.42,68.0,2023-01-08,1,0,1,0,0,0,0,0,0,1,0,0,0,0,0,0,0,0,0
677,2,35,0,3666.41,96.0,2024-06-17,1,1,0,0,0,0,0,0,1,0,0,0,0,0,0,0,0,0,0
1,3,26,2,5201.3,61.0,2022-05-02,0,0,0,0,0,0,0,0,0,0,0,0,0,1,0,0,0,0,0
395,3,23,2,5579.43,63.0,2022-05-19,0,0,0,0,0,0,0,0,0,0,0,0,0,0,0,0,0,0,1
402,3,47,7,7746.88,84.0,2017-01-24,0,0,0,0,0,0,0,0,0,0,0,0,0,1,0,0,0,0,0
405,2,29,2,5192.418,73.0,2022-05-22,0,0,0,0,0,0,0,0,0,0,0,0,0,0,0,0,0,0,1
657,2,26,6,4866.34,78.0,2018-07-16,0,1,0,0,0,0,0,1,0,0,0,0,0,0,0,0,0,0,0
664,4,26,0,6044.4,80.0,2024-08-03,0,0,0,0,0,0,0,0,0,0,0,0,0,0,0,0,0,0,1
163,2,36,5,3749.0,75.0,2019-02-15,1,0,0,1,0,0,1,0,0,0,0,0,0,0,0,0,0,0,0
115,2,47,2,4993.43,53.0,2022-08-23,0,0,0,0,0,0,0,0,0,0,0,0,0,0,0,0,0,1,0
151,3,35,6,6302.88,53.0,2018-12-06,0,0,0,1,0,0,1,0,0,0,0,0,0,0,0,0,0,0,0
626,2,36,10,5043.12,91.0,2014-08-15,0,1,0,0,0,0,0,0,1,0,0,0,0,0,0,0,0,0,0
628,2,25,5,6029.67,95.0,2019-11-01,1,0,0,0,1,0,0,0,0,0,0,0,0,0,0,1,0,0,0
774,2,33,4,5160.23,82.0,2020-03-01,0,0,1,0,0,0,0,0,0,0,0,0,0,0,1,0,0,0,0
544,1,25,1,3106.45,89.0,2023-01-14,0,1,0,0,0,1,0,0,0,0,0,0,0,0,0,0,0,0,0
478,2,35,4,5100.22,69.0,2020-07-13,0,0,0,0,1,0,0,0,0,0,0,0,0,0,0,0,0,0,0
533,1,29,7,4857.52,100.0,2017-04-12,0,0,0,0,1,0,0,0,0,0,0,0,0,0,0,1,0,0,0
513,3,28,1,4486.51,54.0,2023-10-17,1,0,0,0,0,0,0,0,0,0,0,0,0,0,0,0,0,1,0
259,2,25,13,6999.02,77.0,2011-04-12,0,0,0,0,0,0,0,0,0,0,0,0,0,1,0,0,0,0,0
625,2,27,6,6809.49,50.0,2018-11-07,1,0,0,0,0,0,0,0,0,0,0,0,0,0,0,0,0,0,1
898,2,27,1,3433.55,60.0,2023-06-09,1,1,0,0,0,0,0,1,0,0,0,0,0,0,0,0,0,0,0
136,2,37,5,3824.21,76.0,2019-08-19,0,0,0,0,1,0,0,0,0,0,0,0,0,0,0,0,1,0,0
617,4,27,2,4063.6040000000003,88.0,2022-05-22,0,0,0,0,1,0,0,0,0,0,0,0,0,0,0,0,1,0,0
982,3,47,2,4750.97,83.0,2022-02-07,0,0,0,1,0,0,0,0,0,0,0,1,0,0,0,0,0,0,0
704,2,38,5,6211.25,86.0,2019-03-23,0,0,0,0,0,0,0,0,0,0,0,0,0,0,0,0,0,0,1
593,2,24,0,3177.62,66.0,2024-06-02,0,1,0,0,0,0,0,0,1,0,0,0,0,0,0,0,0,0,0
846,3,46,7,5924.35,76.0,2017-01-09,0,0,0,0,1,0,0,0,0,0,0,0,0,0,0,1,0,0,0
502,3,43,0,5091.12,61.0,2024-02-18,0,1,0,0,0,0,0,0,1,0,0,0,0,0,0,0,0,0,0
539,3,47,2,6327.01,58.0,2019-04-14,0,0,0,0,0,0,0,0,0,0,0,0,0,1,0,0,0,0,0
713,2,31,3,4004.48,82.0,2023-12-26,0,0,0,0,1,0,0,0,0,0,0,0,0,0,0,0,1,0,0
582,3,28,3,5480.72,85.0,2021-11-25,1,0,0,0,0,0,0,0,0,0,0,0,0,0,0,0,0,1,0
344,2,21,0,3880.82,65.0,2024-07-16,0,0,0,1,0,0,0,0,0,0,0,1,0,0,0,0,0,0,0
752,1,40,1,3006.31,62.0,2023-03-12,0,1,0,0,0,0,0,0,1,0,0,0,0,0,0,0,0,0,0
663,2,31,5,5940.08,65.0,2019-02-24,0,0,1,0,0,0,0,0,0,0,1,0,0,0,0,0,0,0,0
294,3,36,6,5856.65,79.0,2018-06-16,0,0,0,0,1,0,0,0,0,0,0,0,0,0,0,0,0,0,0
365,4,35,1,6715.73,81.0,2023-02-11,0,0,0,1,0,0,0,0,0,0,0,1,0,0,0,0,0,0,0
669,1,29,3,3879.72,78.0,2021-02-09,0,1,0,0,0,1,0,0,0,0,0,0,0,0,0,0,0,0,0
15,2,26,7,5614.02,60.0,2017-04-27,1,0,0,0,1,0,0,0,0,0,0,0,0,0,0,1,0,0,0
87,1,41,13,5692.69,79.0,2011-12-16,0,0,0,1,0,0,0,0,0,0,0,0,1,0,0,0,0,0,0
371,2,32,1,4466.04,79.0,2023-10-23,0,0,1,0,0,0,0,0,0,1,0,0,0,0,0,0,0,0,0
166,2,29,2,4218.87,89.0,2023-10-26,1,0,0,0,0,0,0,0,0,0,0,0,0,0,0,0,0,1,0
935,2,45,2,3244.52,76.4,2022-02-13,0,0,0,0,0,0,0,0,0,0,0,0,0,0,0,0,0,0,1
336,2,29,7,5610.776,64.0,2017-09-16,0,0,0,0,1,0,0,0,0,0,0,0,0,0,0,0,0,0,0
60,2,36,7,4792.68,79.0,2017-12-15,0,0,1,0,0,0,0,0,0,0,0,0,0,0,1,0,0,0,0
355,3,39,3,6720.56,70.0,2020-11-16,1,1,0,0,0,0,0,1,0,0,0,0,0,0,0,0,0,0,0
425,3,36,2,4019.426,45.0,2022-01-12,0,0,0,0,1,0,0,0,0,0,0,0,0,0,0,0,1,0,0
293,2,41,6,5137.75,83.0,2018-09-24,0,0,1,0,0,0,0,0,0,0,1,0,0,0,0,0,0,0,0
42,4,38,3,6312.66,94.0,2021-06-03,0,1,0,0,0,0,0,1,0,0,0,0,0,0,0,0,0,0,0
330,2,37,1,2916.68,84.0,2023-01-22,0,0,0,0,1,0,0,0,0,0,0,0,0,0,0,0,1,0,0
615,3,37,0,5798.65,56.0,2024-02-26,0,0,1,0,0,0,0,0,0,0,0,0,0,0,1,0,0,0,0
430,2,24,7,4114.35,63.0,2017-06-13,0,0,0,0,1,0,0,0,0,0,0,0,0,0,0,0,0,0,0
80,3,21,14,7857.98,75.0,2010-11-14,0,0,0,0,0,0,0,0,0,0,0,0,0,0,0,0,0,1,0
255,3,34,2,4539.84,79.0,2022-08-15,0,0,0,0,1,0,0,0,0,0,0,0,0,0,0,0,0,0,0
797,1,27,5,3575.01,58.0,2019-09-08,0,0,0,0,1,0,0,0,0,0,0,0,0,0,0,0,0,0,0
459,2,34,0,3443.0,69.0,2024-07-20,0,0,0,0,0,0,0,0,0,0,0,0,0,1,0,0,0,0,0
384,2,45,2,4401.43,72.0,2022-03-13,0,1,0,0,0,0,0,1,0,0,0,0,0,0,0,0,0,0,0
314,2,52,0,2610.39,79.6,2024-10-08,1,0,1,0,0,0,0,0,0,0,1,0,0,0,0,0,0,0,0
85,2,34,0,3902.05,65.0,2024-11-02,0,0,0,1,0,0,0,0,0,0,0,0,1,0,0,0,0,0,0
575,3,26,1,4642.03,53.0,2023-10-05,1,0,0,0,1,0,0,0,0,0,0,0,0,0,0,0,1,0,0
137,1,51,0,2442.98,79.0,2024-01-22,1,1,0,0,0,0,0,0,1,0,0,0,0,0,0,0,0,0,0
112,2,34,0,3646.56,70.0,2024-06-07,1,0,0,0,0,0,0,0,0,0,0,0,0,0,0,0,0,1,0
195,2,29,2,4812.82,82.0,2022-05-05,0,0,0,0,0,0,0,0,0,0,0,0,0,1,0,0,0,0,0
179,2,51,1,4621.25,69.0,2023-06-16,1,0,0,0,1,0,0,0,0,0,0,0,0,0,0,0,1,0,0
939,1,29,1,3580.66,52.0,2023-02-21,0,0,0,0,1,0,0,0,0,0,0,0,0,0,0,1,0,0,0
130,2,22,0,3122.56,75.0,2024-02-14,0,0,0,0,0,0,0,0,0,0,0,0,0,0,0,0,0,0,1
338,2,31,1,3992.62,77.0,2023-05-22,0,0,0,0,1,0,0,0,0,0,0,0,0,0,0,1,0,0,0
609,3,44,1,4898.51,51.0,2023-01-02,0,1,0,0,0,0,0,0,1,0,0,0,0,0,0,0,0,0,0
125,2,38,14,6146.51,75.0,2010-05-15,0,0,0,0,0,0,0,0,0,0,0,0,0,0,0,0,0,1,0
105,2,33,11,5346.5,87.0,2013-02-15,0,0,0,1,0,0,1,0,0,0,0,0,0,0,0,0,0,0,0
227,3,33,1,6551.13,89.0,2023-07-21,1,1,0,0,0,0,0,1,0,0,0,0,0,0,0,0,0,0,0
269,3,36,6,6581.47,38.0,2018-12-17,0,0,0,0,1,0,0,0,0,0,0,0,0,0,0,0,0,0,0
153,2,47,0,4252.59,53.0,2024-05-21,0,0,0,0,1,0,0,0,0,0,0,0,0,0,0,0,0,0,0
585,2,37,1,3864.4300000000003,59.0,2023-08-06,0,0,1,0,0,0,0,0,0,0,1,0,0,0,0,0,0,0,0
104,3,29,13,7375.1,76.0,2011-07-11,0,0,0,0,1,0,0,0,0,0,0,0,0,0,0,0,1,0,0
594,2,21,4,4848.07,62.0,2020-11-14,0,1,0,0,0,1,0,0,0,0,0,0,0,0,0,0,0,0,0
977,2,39,1,4294.05,60.0,2023-10-21,1,0,0,1,0,0,0,0,0,0,0,1,0,0,0,0,0,0,0
228,2,41,4,6413.62,67.0,2020-01-05,0,0,0,1,0,0,0,0,0,0,0,1,0,0,0,0,0,0,0
937,2,42,2,5340.41,41.0,2022-11-23,0,1,0,0,0,0,0,1,0,0,0,0,0,0,0,0,0,0,0
302,2,35,3,3778.36,79.0,2021-08-16,0,0,1,0,0,0,0,0,0,0,1,0,0,0,0,0,0,0,0
276,2,25,1,4687.25,66.0,2023-07-14,0,0,0,0,1,0,0,0,0,0,0,0,0,0,0,0,0,0,0
127,2,38,3,5225.92,60.0,2021-09-01,0,0,0,0,1,0,0,0,0,0,0,0,0,0,0,1,0,0,0
406,3,42,1,5973.93,81.0,2023-09-05,0,0,0,0,1,0,0,0,0,0,0,0,0,0,0,0,1,0,0
943,2,31,4,5323.08,82.0,2020-12-26,0,0,0,0,0,0,0,0,0,0,0,0,0,1,0,0,0,0,0
37,2,43,6,5929.37,63.0,2018-05-03,0,0,0,0,0,0,0,0,0,0,0,0,0,0,0,0,0,0,1
140,2,36,0,3367.35,72.0,2024-11-21,0,0,1,0,0,0,0,0,0,0,1,0,0,0,0,0,0,0,0
304,3,35,0,4320.28,69.0,2024-02-27,1,0,0,0,0,0,0,0,0,0,0,0,0,0,0,0,0,0,1
268,4,43,7,8406.35,59.0,2017-01-10,0,0,1,0,0,0,0,0,0,0,0,0,0,0,1,0,0,0,0
534,2,44,0,3005.32,64.0,2024-06-19,1,0,0,0,1,0,0,0,0,0,0,0,0,0,0,0,0,0,0
546,1,33,4,3614.2,69.0,2020-08-10,0,0,0,1,0,0,0,0,0,0,0,1,0,0,0,0,0,0,0
213,2,50,2,3707.0,75.0,2022-10-19,0,0,0,1,0,0,0,0,0,0,0,1,0,0,0,0,0,0,0
469,4,46,1,6490.24,51.0,2018-06-10,0,0,1,0,0,0,0,0,0,1,0,0,0,0,0,0,0,0,0
199,2,23,3,5270.54,85.0,2021-08-11,1,1,0,0,0,0,0,0,1,0,0,0,0,0,0,0,0,0,0
673,4,38,0,5801.9,87.0,2024-04-10,1,0,1,0,0,0,0,0,0,0,0,0,0,0,1,0,0,0,0
528,2,31,1,4041.8199999999997,82.0,2023-08-20,0,0,0,0,0,0,0,0,0,0,0,0,0,0,0,0,0,0,1
676,1,26,12,7606.01,76.0,2012-03-12,0,0,0,0,1,0,0,0,0,0,0,0,0,0,0,1,0,0,0
975,3,44,0,3636.576,78.0,2024-02-04,0,0,0,0,0,0,0,0,0,0,0,0,0,0,0,0,0,0,1
242,1,33,15,7305.57,65.0,2009-02-17,0,0,0,0,0,0,0,0,0,0,0,0,0,1,0,0,0,0,0
343,2,25,9,6897.99,82.0,2015-12-13,1,0,0,0,0,0,0,0,0,0,0,0,0,0,0,0,0,1,0
550,2,37,4,4284.73,72.0,2020-05-09,0,0,0,0,1,0,0,0,0,0,0,0,0,0,0,1,0,0,0
387,3,31,0,6557.88,65.0,2024-09-02,0,0,0,0,0,0,0,0,0,0,0,0,0,0,0,0,0,0,1
911,3,34,5,7038.58,67.0,2019-04-25,0,1,0,0,0,0,0,1,0,0,0,0,0,0,0,0,0,0,0
207,2,45,2,4060.62,68.0,2024-08-07,0,0,0,0,0,0,0,0,0,0,0,0,0,0,0,0,0,1,0
696,2,32,3,4540.9,67.0,2021-01-20,0,0,0,1,0,0,0,0,0,0,0,1,0,0,0,0,0,0,0
818,4,34,1,5763.81,79.0,2023-02-17,0,0,0,0,0,0,0,0,0,0,0,0,0,1,0,0,0,0,0
74,2,38,1,3222.16,64.4,2023-01-13,0,0,0,0,0,0,0,0,0,0,0,0,0,0,0,0,0,0,1
793,2,37,2,4174.88,75.0,2023-03-19,0,0,1,0,0,0,0,0,0,0,0,0,0,0,1,0,0,0,0
734,2,22,3,3565.03,51.0,2021-10-15,0,0,0,0,0,0,0,0,0,0,0,0,0,0,0,0,0,0,1
756,1,36,1,4450.438,94.0,2023-05-10,0,0,0,0,1,0,0,0,0,0,0,0,0,0,0,0,0,0,0
17,2,28,16,7188.72,51.0,2008-12-05,0,0,0,0,0,0,0,0,0,0,0,0,0,1,0,0,0,0,0
440,3,33,2,5862.1,100.0,2022-09-04,0,0,1,0,0,0,0,0,0,0,1,0,0,0,0,0,0,0,0
92,1,21,0,4168.97,64.0,2024-09-10,0,0,0,0,1,0,0,0,0,0,0,0,0,0,0,0,0,0,0
89,2,25,10,7295.23,85.0,2014-02-27,0,0,0,0,1,0,0,0,0,0,0,0,0,0,0,1,0,0,0
451,2,39,1,3063.7,72.0,2023-03-11,0,0,0,0,1,0,0,0,0,0,0,0,0,0,0,0,0,0,0
718,2,42,0,4403.41,52.0,2024-12-13,0,0,0,1,0,0,0,0,0,0,0,0,1,0,0,0,0,0,0
103,3,38,11,6842.52,77.0,2013-06-01,0,0,0,0,0,0,0,0,0,0,0,0,0,0,0,0,0,1,0
239,2,34,1,4405.13,96.0,2023-06-22,1,0,0,0,1,0,0,0,0,0,0,0,0,0,0,1,0,0,0
769,1,30,0,3444.84,91.0,2024-06-18,1,0,0,1,0,0,0,0,0,0,0,1,0,0,0,0,0,0,0
247,3,27,12,8672.92,77.0,2012-04-05,0,0,1,0,0,0,0,0,0,1,0,0,0,0,0,0,0,0,0
821,3,25,1,6007.8,55.0,2023-02-21,0,0,0,0,1,0,0,0,0,0,0,0,0,0,0,0,1,0,0
158,2,29,0,4475.85,80.0,2024-06-15,0,1,0,0,0,0,0,1,0,0,0,0,0,0,0,0,0,0,0
480,3,32,2,6459.62,69.0,2022-11-01,0,0,0,0,1,0,0,0,0,0,0,0,0,0,0,1,0,0,0
646,2,42,0,3699.6,37.0,2024-01-02,0,0,0,0,1,0,0,0,0,0,0,0,0,0,0,1,0,0,0
974,3,38,2,5998.73,79.0,2022-11-03,0,0,0,0,1,0,0,0,0,0,0,0,0,0,0,0,0,0,0
872,3,33,0,4211.0,31.0,2024-12-21,0,1,0,0,0,0,0,0,1,0,0,0,0,0,0,0,0,0,0
19,1,35,4,3269.89,57.0,2020-01-14,0,1,0,0,0,1,0,0,0,0,0,0,0,0,0,0,0,0,0
751,2,23,0,3287.68,61.0,2024-08-09,0,1,0,0,0,0,0,1,0,0,0,0,0,0,0,0,0,0,0
122,2,30,3,5032.67,83.0,2021-06-12,0,0,0,0,1,0,0,0,0,0,0,0,0,0,0,1,0,0,0
886,3,26,1,4759.882,79.0,2023-05-01,0,0,0,0,0,0,0,0,0,0,0,0,0,0,0,0,0,0,1
275,3,31,0,4598.57,77.8,2024-04-19,0,0,0,0,0,0,0,0,0,0,0,0,0,0,0,0,0,1,0
951,1,34,3,2568.99,76.0,2021-10-02,0,0,0,1,0,0,1,0,0,0,0,0,0,0,0,0,0,0,0
312,2,41,3,5615.35,61.2,2021-06-14,0,0,0,0,1,0,0,0,0,0,0,0,0,0,0,1,0,0,0
806,3,31,2,5065.45,86.0,2022-12-19,0,0,0,1,0,0,0,0,0,0,0,0,1,0,0,0,0,0,0
902,1,21,0,3348.07,83.0,2024-05-16,0,0,1,0,0,0,0,0,0,0,0,0,0,0,1,0,0,0,0
547,2,39,1,5941.09,63.0,2023-04-12,1,0,1,0,0,0,0,0,0,0,0,0,0,0,1,0,0,0,0
182,2,21,1,3735.07,86.0,2023-11-18,0,0,0,0,1,0,0,0,0,0,0,0,0,0,0,0,1,0,0
185,4,36,1,5741.44,71.0,2023-02-04,1,0,0,0,1,0,0,0,0,0,0,0,0,0,0,0,1,0,0
407,1,22,0,2816.11,63.0,2024-01-18,1,0,0,0,1,0,0,0,0,0,0,0,0,0,0,0,0,0,0
720,3,33,3,6763.72,82.0,2021-09-17,0,0,0,0,1,0,0,0,0,0,0,0,0,0,0,0,0,0,0
607,2,33,0,3188.864,57.0,2024-09-13,0,1,0,0,0,0,0,1,0,0,0,0,0,0,0,0,0,0,0
693,2,33,7,6362.28,67.0,2017-02-05,0,0,0,0,0,0,0,0,0,0,0,0,0,0,0,0,0,1,0
521,3,31,1,4679.77,80.0,2023-04-26,0,0,0,0,1,0,0,0,0,0,0,0,0,0,0,0,0,0,0
381,4,23,0,3468.0640000000003,56.0,2024-02-15,0,0,0,0,1,0,0,0,0,0,0,0,0,0,0,0,0,0,0
411,3,26,0,5738.53,54.0,2024-04-24,0,0,0,1,0,0,0,0,0,0,0,1,0,0,0,0,0,0,0
635,2,36,4,4628.47,75.4,2020-01-08,0,0,0,0,1,0,0,0,0,0,0,0,0,0,0,1,0,0,0
370,1,25,2,3102.93,74.0,2022-10-16,0,0,1,0,0,0,0,0,0,0,1,0,0,0,0,0,0,0,0
859,1,21,4,3755.7700000000004,63.0,2020-11-27,0,0,0,1,0,0,0,0,0,0,0,1,0,0,0,0,0,0,0
883,3,42,1,5364.2,48.0,2023-01-26,0,0,0,1,0,0,0,0,0,0,0,1,0,0,0,0,0,0,0
801,4,33,7,5729.8,92.0,2017-10-02,1,0,1,0,0,0,0,0,0,0,0,0,0,0,1,0,0,0,0
79,2,29,1,4687.27,87.0,2023-05-05,0,0,0,0,1,0,0,0,0,0,0,0,0,0,0,1,0,0,0
574,2,50,1,5022.1,81.0,2023-11-15,1,1,0,0,0,0,0,0,1,0,0,0,0,0,0,0,0,0,0
638,2,38,6,3897.26,75.0,2018-03-17,1,1,0,0,0,0,0,1,0,0,0,0,0,0,0,0,0,0,0
608,4,41,7,8448.42,53.0,2017-09-18,0,0,0,0,0,0,0,0,0,0,0,0,0,0,0,0,0,1,0
843,4,28,1,4595.87,78.0,2023-09-04,1,1,0,0,0,1,0,0,0,0,0,0,0,0,0,0,0,0,0
69,3,26,11,4917.25,75.0,2013-09-01,0,0,1,0,0,0,0,0,0,1,0,0,0,0,0,0,0,0,0
881,4,39,0,5867.38,72.0,2024-11-17,0,0,0,0,0,0,0,0,0,0,0,0,0,0,0,0,0,0,1
980,2,43,0,2830.64,63.0,2024-11-03,0,0,0,1,0,0,0,0,0,0,0,0,1,0,0,0,0,0,0
417,4,30,0,5888.64,78.0,2024-07-26,1,0,0,0,1,0,0,0,0,0,0,0,0,0,0,1,0,0,0
790,4,42,4,7120.59,62.0,2017-07-14,0,0,1,0,0,0,0,0,0,0,1,0,0,0,0,0,0,0,0
562,2,40,0,3771.24,62.0,2024-12-03,1,1,0,0,0,0,0,1,0,0,0,0,0,0,0,0,0,0,0
68,2,26,5,5070.65,70.0,2019-10-11,0,0,0,0,0,0,0,0,0,0,0,0,0,0,0,0,0,0,1
537,2,39,0,4329.1,62.0,2024-02-06,0,0,0,0,1,0,0,0,0,0,0,0,0,0,0,0,0,0,0
78,1,38,1,3362.59,63.0,2023-05-19,0,0,0,1,0,0,0,0,0,0,0,1,0,0,0,0,0,0,0
106,3,34,0,5110.2,74.0,2024-04-06,0,0,1,0,0,0,0,0,0,0,0,0,0,0,1,0,0,0,0
829,2,35,3,5570.36,64.0,2021-10-15,0,0,0,0,0,0,0,0,0,0,0,0,0,1,0,0,0,0,0
639,2,33,2,3535.12,76.0,2022-08-23,0,1,0,0,0,0,0,0,1,0,0,0,0,0,0,0,0,0,0
560,3,43,3,6252.52,83.0,2021-05-19,0,1,0,0,0,1,0,0,0,0,0,0,0,0,0,0,0,0,0
808,4,25,3,7305.81,84.0,2021-05-21,0,0,0,0,0,0,0,0,0,0,0,0,0,1,0,0,0,0,0
691,2,41,0,3745.08,83.0,2024-10-24,1,0,1,0,0,0,0,0,0,1,0,0,0,0,0,0,0,0,0
641,3,26,1,3185.05,68.0,2023-08-23,0,0,0,0,1,0,0,0,0,0,0,0,0,0,0,0,0,0,0
995,3,27,7,5386.22,100.0,2017-06-08,0,0,0,0,1,0,0,0,0,0,0,0,0,0,0,0,0,0,0
922,1,38,2,3241.64,73.0,2022-08-08,0,0,0,0,1,0,0,0,0,0,0,0,0,0,0,0,0,0,0
736,4,47,0,4224.55,82.0,2024-07-09,1,0,0,0,0,0,0,0,0,0,0,0,0,1,0,0,0,0,0
826,3,21,2,5660.84,71.0,2022-05-06,0,0,0,0,0,0,0,0,0,0,0,0,0,0,0,0,0,1,0
491,3,28,5,5468.67,77.0,2019-02-11,0,1,0,0,0,0,0,1,0,0,0,0,0,0,0,0,0,0,0
894,2,40,3,3814.46,76.0,2021-04-13,0,0,0,0,0,0,0,0,0,0,0,0,0,1,0,0,0,0,0
606,3,40,0,5730.28,63.0,2024-01-18,0,0,1,0,0,0,0,0,0,0,0,0,0,0,1,0,0,0,0
364,3,44,1,5085.53,80.0,2023-09-13,0,0,1,0,0,0,0,0,0,0,1,0,0,0,0,0,0,0,0
70,3,24,0,6155.06,88.0,2024-08-09,0,0,0,0,1,0,0,0,0,0,0,0,0,0,0,1,0,0,0
549,2,34,2,4618.75,73.0,2022-08-12,0,0,0,0,1,0,0,0,0,0,0,0,0,0,0,0,0,0,0
161,2,29,6,5581.42,71.0,2014-05-03,1,0,0,0,1,0,0,0,0,0,0,0,0,0,0,0,0,0,0
12,2,23,1,3645.37,65.0,2023-08-09,1,0,0,0,1,0,0,0,0,0,0,0,0,0,0,1,0,0,0
145,2,51,2,3570.21,71.0,2022-05-20,0,0,0,0,0,0,0,0,0,0,0,0,0,0,0,0,0,0,1
518,2,38,4,4896.99,70.0,2020-09-25,0,0,0,0,1,0,0,0,0,0,0,0,0,0,0,0,1,0,0
428,2,31,13,6115.0,40.0,2011-12-01,0,0,1,0,0,0,0,0,0,0,1,0,0,0,0,0,0,0,0
640,2,54,1,4532.11,76.0,2023-01-12,0,0,0,0,1,0,0,0,0,0,0,0,0,0,0,0,0,0,0
177,2,38,2,5109.06,61.0,2022-03-25,0,0,0,0,0,0,0,0,0,0,0,0,0,1,0,0,0,0,0
441,2,26,10,5208.65,71.0,2014-05-26,0,0,0,1,0,0,0,0,0,0,0,0,1,0,0,0,0,0,0
522,2,38,5,5061.5,60.0,2019-01-23,0,0,0,0,1,0,0,0,0,0,0,0,0,0,0,0,0,0,0
923,2,41,1,3469.73,60.0,2023-10-21,0,0,0,0,0,0,0,0,0,0,0,0,0,1,0,0,0,0,0
999,2,37,0,3348.96,75.2,2024-10-17,0,0,0,0,1,0,0,0,0,0,0,0,0,0,0,0,1,0,0
689,2,24,10,6353.62,81.0,2014-05-03,0,0,0,0,1,0,0,0,0,0,0,0,0,0,0,1,0,0,0
211,3,21,1,3924.15,57.0,2023-02-13,0,0,0,0,0,0,0,0,0,0,0,0,0,0,0,0,0,1,0
144,3,40,2,4269.666,67.0,2022-09-21,0,0,1,0,0,0,0,0,0,0,0,0,0,0,1,0,0,0,0
754,2,37,4,5481.7,72.0,2020-06-21,0,0,0,0,0,0,0,0,0,0,0,0,0,0,0,0,0,1,0
520,1,37,9,5149.45,72.0,2015-08-18,0,0,0,0,1,0,0,0,0,0,0,0,0,0,0,1,0,0,0
349,2,31,3,3303.77,53.0,2021-01-16,0,0,0,0,1,0,0,0,0,0,0,0,0,0,0,0,0,0,0
299,3,35,14,5771.986,73.0,2010-07-04,0,0,0,0,0,0,0,0,0,0,0,0,0,1,0,0,0,0,0
767,1,42,4,4054.76,55.0,2020-06-10,1,0,0,0,0,0,0,0,0,0,0,0,0,1,0,0,0,0,0
429,3,28,0,4727.78,55.0,2024-12-02,0,0,0,1,0,0,0,0,0,0,0,0,1,0,0,0,0,0,0
613,2,23,13,7983.03,70.0,2011-10-16,0,0,0,0,1,0,0,0,0,0,0,0,0,0,0,0,0,0,0
985,1,26,1,4072.56,60.0,2021-04-15,0,0,1,0,0,0,0,0,0,0,0,0,0,0,1,0,0,0,0
994,2,32,0,4175.42,74.0,2024-03-26,0,0,0,0,1,0,0,0,0,0,0,0,0,0,0,0,0,0,0
9,2,30,0,3765.31,73.0,2024-04-05,0,0,0,1,0,0,0,0,0,0,0,0,1,0,0,0,0,0,0
157,1,42,0,3258.92,72.0,2024-04-11,0,0,0,0,0,0,0,0,0,0,0,0,0,0,0,0,0,0,1
540,2,36,0,3277.834,70.0,2024-11-15,0,0,0,0,1,0,0,0,0,0,0,0,0,0,0,0,0,0,0
507,2,39,3,4159.14,63.0,2021-05-17,0,0,0,1,0,0,0,0,0,0,0,1,0,0,0,0,0,0,0
437,1,32,4,3726.75,59.0,2020-07-24,0,0,0,0,0,0,0,0,0,0,0,0,0,0,0,0,0,1,0
267,4,32,3,5168.61,84.0,2021-01-13,0,0,0,0,1,0,0,0,0,0,0,0,0,0,0,1,0,0,0
827,2,32,3,5050.46,68.0,2021-04-13,0,0,0,0,1,0,0,0,0,0,0,0,0,0,0,1,0,0,0
462,1,31,7,4695.57,70.0,2017-05-18,0,1,0,0,0,1,0,0,0,0,0,0,0,0,0,0,0,0,0
577,3,36,3,6567.5,84.0,2021-06-14,1,0,0,1,0,0,0,0,0,0,0,0,1,0,0,0,0,0,0
339,2,34,4,4557.81,63.0,2020-07-10,0,0,0,1,0,0,0,0,0,0,0,1,0,0,0,0,0,0,0
256,1,32,7,4603.99,71.0,2017-09-13,1,0,0,1,0,0,0,0,0,0,0,1,0,0,0,0,0,0,0
853,3,30,0,6464.11,64.0,2024-07-16,0,1,0,0,0,0,0,0,1,0,0,0,0,0,0,0,0,0,0
901,3,37,4,6927.74,73.0,2020-06-08,0,0,0,1,0,0,0,0,0,0,0,0,1,0,0,0,0,0,0
666,1,35,3,4301.66,79.0,2021-06-04,0,0,0,0,0,0,0,0,0,0,0,0,0,0,0,0,0,0,1
561,2,29,0,3360.22,59.0,2024-05-05,0,0,0,0,0,0,0,0,0,0,0,0,0,0,0,0,0,1,0
209,2,46,0,4960.34,58.0,2024-06-11,1,0,0,0,0,0,0,0,0,0,0,0,0,0,0,0,0,0,1
288,2,46,5,4443.26,90.0,2019-12-06,0,0,1,0,0,0,0,0,0,0,1,0,0,0,0,0,0,0,0
2,2,30,1,2462.8799999999997,83.0,2023-11-10,1,0,0,1,0,0,0,0,0,0,0,0,1,0,0,0,0,0,0
342,2,29,7,4974.43,84.0,2017-10-12,0,0,0,0,0,0,0,0,0,0,0,0,0,1,0,0,0,0,0
270,3,38,0,5058.61,78.0,2024-01-25,1,0,0,0,0,0,0,0,0,0,0,0,0,0,0,0,0,1,0
266,3,33,3,4615.48,67.0,2021-04-01,0,0,0,1,0,0,1,0,0,0,0,0,0,0,0,0,0,0,0
864,3,27,2,3154.04,57.0,2022-02-19,0,1,0,0,0,0,0,1,0,0,0,0,0,0,0,0,0,0,0
871,1,47,0,3935.0,81.0,2024-04-14,0,0,0,0,0,0,0,0,0,0,0,0,0,0,0,0,0,0,1
727,2,24,4,4566.08,85.0,2020-02-07,0,0,1,0,0,0,0,0,0,0,0,0,0,0,1,0,0,0,0
43,4,51,1,5492.22,70.0,2023-02-05,0,1,0,0,0,1,0,0,0,0,0,0,0,0,0,0,0,0,0
399,1,33,0,2941.44,58.0,2024-03-20,0,0,0,0,0,0,0,0,0,0,0,0,0,0,0,0,0,1,0
884,3,22,5,7270.42,74.0,2012-11-13,0,0,0,1,0,0,0,0,0,0,0,1,0,0,0,0,0,0,0
629,2,30,0,3915.3,57.0,2024-01-19,0,0,0,0,0,0,0,0,0,0,0,0,0,0,0,0,0,0,1
46,3,30,0,5046.57,94.0,2024-03-21,0,0,1,0,0,0,0,0,0,1,0,0,0,0,0,0,0,0,0
162,3,50,1,4861.62,91.0,2023-08-14,0,0,1,0,0,0,0,0,0,0,0,0,0,0,1,0,0,0,0
728,2,35,0,3076.5,90.0,2024-08-23,0,1,0,0,0,0,0,1,0,0,0,0,0,0,0,0,0,0,0
630,3,33,1,6176.35,58.0,2023-02-03,1,0,0,0,0,0,0,0,0,0,0,0,0,0,0,0,0,1,0
289,2,38,3,4831.35,63.6,2021-11-22,0,0,0,1,0,0,1,0,0,0,0,0,0,0,0,0,0,0,0
590,1,48,0,2850.44,84.0,2024-10-14,0,1,0,0,0,1,0,0,0,0,0,0,0,0,0,0,0,0,0
970,3,35,0,4016.82,70.0,2024-01-02,0,1,0,0,0,0,0,0,1,0,0,0,0,0,0,0,0,0,0
576,3,29,3,5866.52,69.0,2018-04-18,0,0,0,0,0,0,0,0,0,0,0,0,0,0,0,0,0,0,1
851,3,33,0,4640.93,81.0,2024-10-25,0,0,0,1,0,0,0,0,0,0,0,1,0,0,0,0,0,0,0
316,3,41,7,5961.12,58.0,2017-04-15,0,0,0,0,0,0,0,0,0,0,0,0,0,0,0,0,0,0,1
944,1,27,4,4553.778,90.0,2020-04-25,0,0,0,0,0,0,0,0,0,0,0,0,0,1,0,0,0,0,0
231,2,26,0,2994.85,72.0,2024-05-10,1,0,1,0,0,0,0,0,0,1,0,0,0,0,0,0,0,0,0
810,2,42,2,4597.52,60.0,2022-10-07,0,0,0,0,1,0,0,0,0,0,0,0,0,0,0,1,0,0,0
877,2,38,5,4989.17,87.0,2019-04-23,0,0,0,0,1,0,0,0,0,0,0,0,0,0,0,0,0,0,0
712,1,35,1,4006.2300000000005,82.0,2023-11-07,0,0,0,1,0,0,1,0,0,0,0,0,0,0,0,0,0,0,0
77,2,41,3,4667.77,82.0,2021-08-14,0,0,0,0,1,0,0,0,0,0,0,0,0,0,0,1,0,0,0
634,2,23,2,5493.93,68.0,2022-05-14,0,0,0,1,0,0,0,0,0,0,0,1,0,0,0,0,0,0,0
248,2,27,1,4523.41,68.0,2023-08-05,0,0,0,1,0,0,0,0,0,0,0,1,0,0,0,0,0,0,0
820,1,30,0,3424.89,63.0,2024-12-05,1,0,1,0,0,0,0,0,0,0,0,0,0,0,1,0,0,0,0
825,3,34,6,7141.22,71.0,2018-02-04,0,0,0,0,1,0,0,0,0,0,0,0,0,0,0,1,0,0,0
477,1,33,1,2857.58,58.0,2023-02-23,0,0,0,0,1,0,0,0,0,0,0,0,0,0,0,1,0,0,0
671,2,39,8,5905.44,72.0,2016-03-25,0,0,0,1,0,0,0,0,0,0,0,1,0,0,0,0,0,0,0
86,1,34,2,3170.84,93.0,2022-03-18,0,0,1,0,0,0,0,0,0,0,1,0,0,0,0,0,0,0,0
470,2,28,3,4289.13,63.0,2021-06-19,0,0,0,0,1,0,0,0,0,0,0,0,0,0,0,1,0,0,0
226,2,34,0,3905.39,59.0,2024-04-04,0,0,0,0,1,0,0,0,0,0,0,0,0,0,0,1,0,0,0
775,2,42,0,2651.51,81.0,2024-01-25,0,0,1,0,0,0,0,0,0,0,0,0,0,0,1,0,0,0,0
332,1,23,0,3826.5,54.0,2024-10-20,0,0,0,1,0,0,1,0,0,0,0,0,0,0,0,0,0,0,0
234,2,34,1,4805.76,62.0,2023-09-12,0,0,0,1,0,0,0,0,0,0,0,0,1,0,0,0,0,0,0
589,3,25,1,4998.59,70.0,2023-11-10,0,0,0,1,0,0,0,0,0,0,0,0,1,0,0,0,0,0,0
476,2,21,1,4187.15,71.0,2021-01-20,0,0,0,1,0,0,0,0,0,0,0,0,1,0,0,0,0,0,0
346,2,36,0,3744.92,67.0,2024-11-22,0,0,0,1,0,0,0,0,0,0,0,0,1,0,0,0,0,0,0
983,3,37,0,3987.38,74.0,2024-04-14,1,0,0,0,0,0,0,0,0,0,0,0,0,1,0,0,0,0,0
600,3,52,5,3673.12,56.0,2019-12-20,1,1,0,0,0,1,0,0,0,0,0,0,0,0,0,0,0,0,0
422,2,32,9,6043.61,69.0,2015-09-04,0,0,0,0,0,0,0,0,0,0,0,0,0,0,0,0,0,1,0
688,2,28,8,5126.22,67.0,2016-12-05,0,0,0,0,0,0,0,0,0,0,0,0,0,1,0,0,0,0,0
183,2,41,3,4093.99,86.0,2021-08-18,0,0,0,0,1,0,0,0,0,0,0,0,0,0,0,0,0,0,0
618,2,38,1,5021.43,78.0,2023-12-23,0,0,0,1,0,0,1,0,0,0,0,0,0,0,0,0,0,0,0
333,4,31,2,6666.2,75.0,2022-12-03,0,0,0,0,1,0,0,0,0,0,0,0,0,0,0,0,1,0,0
439,1,43,1,3146.37,65.0,2023-02-22,0,0,0,0,0,0,0,0,0,0,0,0,0,0,0,0,0,0,1
931,1,45,0,2767.45,87.0,2024-05-22,0,0,0,0,1,0,0,0,0,0,0,0,0,0,0,0,1,0,0
6,2,35,1,4258.75,50.0,2023-01-25,1,1,0,0,0,0,0,0,1,0,0,0,0,0,0,0,0,0,0
530,2,27,2,3863.46,86.0,2024-02-27,0,0,0,0,1,0,0,0,0,0,0,0,0,0,0,0,0,0,0
235,4,39,2,7160.04,52.0,2022-09-02,1,0,0,0,1,0,0,0,0,0,0,0,0,0,0,1,0,0,0
487,1,29,1,3734.05,53.0,2023-03-17,1,0,1,0,0,0,0,0,0,1,0,0,0,0,0,0,0,0,0
960,2,48,15,7246.07,72.0,2009-09-04,0,0,0,0,0,0,0,0,0,0,0,0,0,0,0,0,0,1,0
498,4,21,3,7825.61,71.0,2021-02-14,0,1,0,0,0,0,0,0,1,0,0,0,0,0,0,0,0,0,0
885,4,30,7,7596.83,82.0,2017-12-13,0,0,0,0,0,0,0,0,0,0,0,0,0,0,0,0,0,0,1
954,2,38,0,3893.1,89.0,2024-01-16,0,0,0,0,1,0,0,0,0,0,0,0,0,0,0,0,0,0,0
107,2,28,0,3418.6,56.0,2024-11-08,0,0,0,1,0,0,1,0,0,0,0,0,0,0,0,0,0,0,0
444,2,45,2,3677.34,92.0,2022-04-21,0,1,0,0,0,0,0,0,1,0,0,0,0,0,0,0,0,0,0
489,2,36,3,5426.21,80.0,2021-12-22,0,0,1,0,0,0,0,0,0,1,0,0,0,0,0,0,0,0,0
647,3,37,0,5373.15,61.0,2024-01-05,0,0,0,0,0,0,0,0,0,0,0,0,0,1,0,0,0,0,0
13,4,21,1,6225.14,73.0,2023-06-23,0,0,0,0,0,0,0,0,0,0,0,0,0,0,0,0,0,1,0
739,2,36,2,4617.35,82.0,2022-04-24,1,0,0,1,0,0,1,0,0,0,0,0,0,0,0,0,0,0,0
191,3,36,8,7561.49,53.0,2016-05-08,0,0,0,1,0,0,0,0,0,0,0,0,1,0,0,0,0,0,0
833,2,29,4,4568.69,85.0,2020-03-08,0,1,0,0,0,1,0,0,0,0,0,0,0,0,0,0,0,0,0
283,2,45,1,4655.59,86.0,2023-09-19,0,0,1,0,0,0,0,0,0,0,0,0,0,0,1,0,0,0,0
30,1,30,15,7457.83,79.0,2009-05-23,0,0,0,0,1,0,0,0,0,0,0,0,0,0,0,1,0,0,0
170,4,40,6,4907.88,76.0,2018-01-23,1,0,0,0,1,0,0,0,0,0,0,0,0,0,0,0,1,0,0
181,2,22,1,5882.64,68.0,2016-10-17,0,0,0,0,1,0,0,0,0,0,0,0,0,0,0,0,1,0,0
101,3,43,0,3636.576,77.0,2024-07-02,0,1,0,0,0,0,0,1,0,0,0,0,0,0,0,0,0,0,0
198,4,27,2,6603.52,66.0,2022-03-10,0,1,0,0,0,0,0,1,0,0,0,0,0,0,0,0,0,0,0
496,2,40,0,3870.142,69.0,2024-10-07,0,1,0,0,0,0,0,0,1,0,0,0,0,0,0,0,0,0,0
722,1,26,3,4435.21,84.0,2021-12-19,0,0,0,0,0,0,0,0,0,0,0,0,0,1,0,0,0,0,0
648,2,28,0,3892.95,59.0,2024-04-07,0,1,0,0,0,0,0,1,0,0,0,0,0,0,0,0,0,0,0
45,3,35,0,5546.75,88.0,2024-01-11,0,1,0,0,0,0,0,1,0,0,0,0,0,0,0,0,0,0,0
992,3,21,5,4666.31,73.0,2019-04-08,0,1,0,0,0,0,0,1,0,0,0,0,0,0,0,0,0,0,0
711,1,42,1,3124.2,72.0,2023-08-27,0,1,0,0,0,1,0,0,0,0,0,0,0,0,0,0,0,0,0
374,2,29,0,3814.8899999999994,51.0,2024-02-12,1,0,0,0,1,0,0,0,0,0,0,0,0,0,0,0,0,0,0
679,3,33,2,3796.09,54.0,2022-11-23,1,1,0,0,0,1,0,0,0,0,0,0,0,0,0,0,0,0,0
940,2,48,1,3359.49,56.0,2023-02-27,0,0,1,0,0,0,0,0,0,0,1,0,0,0,0,0,0,0,0
649,2,38,5,5044.3,46.0,2019-01-10,0,0,0,0,0,0,0,0,0,0,0,0,0,0,0,0,0,0,1
798,2,27,0,4216.02,80.0,2024-05-26,0,0,0,0,1,0,0,0,0,0,0,0,0,0,0,0,0,0,0
848,3,32,0,3834.8500000000004,68.0,2024-08-11,0,0,0,0,0,0,0,0,0,0,0,0,0,0,0,0,0,1,0
461,2,49,5,5314.79,64.6,2019-07-17,0,1,0,0,0,0,0,1,0,0,0,0,0,0,0,0,0,0,0
909,2,37,2,4102.69,96.0,2022-09-06,0,0,0,0,0,0,0,0,0,0,0,0,0,0,0,0,0,1,0
414,3,29,2,8229.91,69.0,2017-11-22,0,0,0,0,1,0,0,0,0,0,0,0,0,0,0,0,0,0,0
132,1,53,0,3341.52,75.0,2024-11-19,0,0,0,1,0,0,1,0,0,0,0,0,0,0,0,0,0,0,0
40,2,32,2,5325.65,77.0,2022-09-07,0,0,0,0,0,0,0,0,0,0,0,0,0,1,0,0,0,0,0
435,2,38,0,3487.53,70.0,2024-06-18,0,0,1,0,0,0,0,0,0,1,0,0,0,0,0,0,0,0,0
216,2,47,2,4981.16,70.4,2022-02-19,0,0,0,0,0,0,0,0,0,0,0,0,0,1,0,0,0,0,0
556,2,21,1,6590.56,84.0,2013-11-20,0,0,0,0,0,0,0,0,0,0,0,0,0,0,0,0,0,1,0
567,1,26,3,3438.55,67.0,2021-06-05,0,0,0,0,1,0,0,0,0,0,0,0,0,0,0,1,0,0,0
763,2,33,1,3473.12,77.0,2023-11-14,0,1,0,0,0,0,0,1,0,0,0,0,0,0,0,0,0,0,0
475,2,36,1,3315.65,95.0,2024-11-06,0,0,0,0,1,0,0,0,0,0,0,0,0,0,0,0,0,0,0
457,1,32,3,4276.78,43.0,2021-01-07,0,0,0,0,0,0,0,0,0,0,0,0,0,0,0,0,0,1,0
812,2,34,5,4427.97,78.0,2019-07-20,0,0,0,0,0,0,0,0,0,0,0,0,0,0,0,0,0,1,0
261,2,33,8,6411.57,54.0,2016-02-16,0,0,0,0,0,0,0,0,0,0,0,0,0,1,0,0,0,0,0
817,2,52,0,3403.57,79.0,2024-02-01,1,0,0,0,0,0,0,0,0,0,0,0,0,1,0,0,0,0,0
36,2,40,0,4023.46,70.0,2024-04-19,0,0,0,0,0,0,0,0,0,0,0,0,0,0,0,0,0,1,0
828,1,44,1,3228.55,67.0,2023-08-24,1,1,0,0,0,1,0,0,0,0,0,0,0,0,0,0,0,0,0
912,2,26,1,4541.87,74.0,2023-10-17,0,1,0,0,0,1,0,0,0,0,0,0,0,0,0,0,0,0,0
310,3,33,4,6177.48,40.0,2020-01-17,0,0,0,1,0,0,1,0,0,0,0,0,0,0,0,0,0,0,0
277,2,32,3,3968.92,55.0,2021-10-23,0,1,0,0,0,1,0,0,0,0,0,0,0,0,0,0,0,0,0
637,2,24,7,7729.73,94.0,2007-01-14,0,0,0,0,1,0,0,0,0,0,0,0,0,0,0,1,0,0,0
655,4,45,1,6970.03,67.2,2023-12-25,0,0,0,0,0,0,0,0,0,0,0,0,0,1,0,0,0,0,0
623,3,37,0,5155.86,72.0,2024-11-13,0,0,0,1,0,0,0,0,0,0,0,1,0,0,0,0,0,0,0
836,1,24,6,4020.05,65.0,2018-08-25,0,0,0,0,1,0,0,0,0,0,0,0,0,0,0,0,1,0,0
845,4,21,1,7550.64,80.0,2023-04-14,0,0,1,0,0,0,0,0,0,0,0,0,0,0,1,0,0,0,0
394,2,34,0,2922.01,55.0,2024-09-18,0,0,0,1,0,0,1,0,0,0,0,0,0,0,0,0,0,0,0
108,3,45,7,7181.48,87.0,2017-05-24,0,0,0,0,1,0,0,0,0,0,0,0,0,0,0,1,0,0,0
525,2,39,2,4274.24,69.0,2023-11-04,0,0,0,0,0,0,0,0,0,0,0,0,0,0,0,0,0,0,1
785,2,29,0,4319.604,84.0,2024-11-08,0,0,0,1,0,0,0,0,0,0,0,1,0,0,0,0,0,0,0
204,3,34,3,5722.1,81.0,2021-04-06,0,0,0,1,0,0,0,0,0,0,0,1,0,0,0,0,0,0,0
988,2,21,0,3690.2299999999996,79.0,2024-12-03,0,1,0,0,0,0,0,0,1,0,0,0,0,0,0,0,0,0,0
632,2,31,6,5946.66,86.0,2018-12-14,0,0,0,0,1,0,0,0,0,0,0,0,0,0,0,1,0,0,0
22,3,21,0,4710.62,80.0,2024-03-01,0,1,0,0,0,1,0,0,0,0,0,0,0,0,0,0,0,0,0
403,3,34,4,5705.92,61.0,2021-09-02,0,0,0,0,1,0,0,0,0,0,0,0,0,0,0,0,1,0,0
947,1,35,0,2825.53,70.0,2024-07-19,1,1,0,0,0,1,0,0,0,0,0,0,0,0,0,0,0,0,0
84,3,32,3,5040.91,55.0,2021-04-17,0,0,0,0,0,0,0,0,0,0,0,0,0,0,0,0,0,1,0
131,2,24,2,3311.35,84.0,2022-07-06,0,0,0,0,0,0,0,0,0,0,0,0,0,0,0,0,0,1,0
896,1,25,0,3103.09,63.0,2024-02-22,0,0,0,0,0,0,0,0,0,0,0,0,0,1,0,0,0,0,0
842,2,28,2,4749.14,76.0,2022-05-03,0,0,0,0,1,0,0,0,0,0,0,0,0,0,0,1,0,0,0
742,2,34,8,6147.19,72.0,2016-03-19,0,1,0,0,0,0,0,1,0,0,0,0,0,0,0,0,0,0,0
698,1,47,4,3897.0,85.0,2020-06-26,0,0,0,0,0,0,0,0,0,0,0,0,0,0,0,0,0,1,0
287,3,39,2,4395.54,75.0,2022-08-09,0,0,0,0,0,0,0,0,0,0,0,0,0,1,0,0,0,0,0
124,1,21,14,7318.722000000001,78.0,2010-07-12,0,1,0,0,0,0,0,1,0,0,0,0,0,0,0,0,0,0,0
34,2,26,5,4881.152,82.0,2019-09-24,0,0,0,0,0,0,0,0,0,0,0,0,0,0,0,0,0,1,0
788,4,45,5,5324.86,58.0,2019-02-02,0,1,0,0,0,1,0,0,0,0,0,0,0,0,0,0,0,0,0
517,2,21,7,7875.63,75.0,2012-04-18,0,1,0,0,0,0,0,1,0,0,0,0,0,0,0,0,0,0,0
924,3,41,2,4514.92,80.0,2022-07-17,0,0,0,0,0,0,0,0,0,0,0,0,0,0,0,0,0,0,1
20,3,39,3,4054.7980000000002,73.0,2021-06-06,0,0,0,0,0,0,0,0,0,0,0,0,0,1,0,0,0,0,0
220,1,37,2,3399.7,69.8,2022-12-13,0,0,0,0,1,0,0,0,0,0,0,0,0,0,0,0,1,0,0
892,2,33,8,5863.48,68.0,2016-12-12,0,0,0,1,0,0,0,0,0,0,0,0,1,0,0,0,0,0,0
580,2,45,10,8202.95,78.0,2014-04-09,0,0,0,0,1,0,0,0,0,0,0,0,0,0,0,0,1,0,0
482,1,27,3,3901.29,74.0,2021-06-10,0,0,0,0,0,0,0,0,0,0,0,0,0,1,0,0,0,0,0
932,3,30,4,6808.08,71.0,2020-05-11,0,1,0,0,0,1,0,0,0,0,0,0,0,0,0,0,0,0,0
357,2,39,4,4573.44,59.0,2020-05-03,0,0,0,0,1,0,0,0,0,0,0,0,0,0,0,1,0,0,0
662,3,25,0,5034.96,65.0,2024-07-23,1,0,0,0,1,0,0,0,0,0,0,0,0,0,0,1,0,0,0
225,2,29,5,5165.41,72.2,2019-06-17,0,0,0,1,0,0,1,0,0,0,0,0,0,0,0,0,0,0,0
760,3,21,4,4913.53,52.0,2020-03-12,0,0,0,0,0,0,0,0,0,0,0,0,0,1,0,0,0,0,0
93,3,21,7,6255.51,80.0,2017-05-14,0,0,0,0,1,0,0,0,0,0,0,0,0,0,0,1,0,0,0
152,2,41,3,4783.74,68.0,2023-06-05,0,0,0,0,0,0,0,0,0,0,0,0,0,1,0,0,0,0,0
318,2,39,6,6436.15,64.0,2018-01-01,0,0,0,1,0,0,1,0,0,0,0,0,0,0,0,0,0,0,0
449,2,45,7,6655.89,75.0,2017-02-09,0,1,0,0,0,0,0,0,1,0,0,0,0,0,0,0,0,0,0
804,2,39,1,3560.7799999999997,78.0,2023-06-14,0,0,1,0,0,0,0,0,0,0,0,0,0,0,1,0,0,0,0
746,1,38,2,2928.28,75.0,2022-07-20,0,0,0,0,1,0,0,0,0,0,0,0,0,0,0,0,1,0,0
523,2,29,6,6181.07,66.0,2018-09-01,0,0,0,0,0,0,0,0,0,0,0,0,0,0,0,0,0,1,0
280,2,23,1,3525.5200000000004,62.0,2023-11-09,0,0,0,0,0,0,0,0,0,0,0,0,0,0,0,0,0,1,0
584,1,33,3,3513.35,66.0,2021-09-17,0,1,0,0,0,0,0,0,1,0,0,0,0,0,0,0,0,0,0
765,2,22,0,4991.92,83.0,2024-06-06,0,0,0,0,1,0,0,0,0,0,0,0,0,0,0,0,0,0,0
605,3,42,0,4470.08,58.0,2024-09-07,1,0,0,0,1,0,0,0,0,0,0,0,0,0,0,0,0,0,0
350,3,21,3,4757.2,63.0,2021-02-10,0,0,1,0,0,0,0,0,0,0,0,0,0,0,1,0,0,0,0
928,4,40,0,5206.24,54.0,2024-02-20,0,0,1,0,0,0,0,0,0,0,0,0,0,0,1,0,0,0,0
375,2,34,3,4943.66,78.0,2021-06-05,0,1,0,0,0,0,0,1,0,0,0,0,0,0,0,0,0,0,0
401,2,38,4,4453.71,57.0,2020-11-17,0,0,0,0,1,0,0,0,0,0,0,0,0,0,0,0,0,0,0
705,2,27,1,3769.78,72.0,2023-12-06,0,0,1,0,0,0,0,0,0,0,1,0,0,0,0,0,0,0,0
258,1,33,14,5020.07,67.0,2010-03-06,0,0,0,0,1,0,0,0,0,0,0,0,0,0,0,0,0,0,0
945,3,35,9,8021.58,76.0,2015-11-15,0,1,0,0,0,0,0,1,0,0,0,0,0,0,0,0,0,0,0
852,3,34,3,6135.66,71.0,2021-01-27,0,0,0,0,1,0,0,0,0,0,0,0,0,0,0,0,0,0,0
73,2,32,3,5025.16,59.0,2021-01-20,0,0,0,0,0,0,0,0,0,0,0,0,0,0,0,0,0,0,1
196,3,28,0,4427.1,74.0,2024-09-19,0,0,0,0,1,0,0,0,0,0,0,0,0,0,0,1,0,0,0
484,1,44,0,2997.92,76.0,2024-11-06,0,0,0,0,0,0,0,0,0,0,0,0,0,1,0,0,0,0,0
856,2,39,3,4145.64,75.0,2021-05-18,0,0,0,1,0,0,0,0,0,0,0,0,1,0,0,0,0,0,0
495,2,49,4,5098.93,55.0,2020-05-17,1,0,0,0,1,0,0,0,0,0,0,0,0,0,0,0,1,0,0
773,2,46,1,2785.95,82.0,2023-11-09,0,0,0,0,0,0,0,0,0,0,0,0,0,1,0,0,0,0,0
463,2,30,1,3362.98,89.0,2023-03-22,0,0,0,0,1,0,0,0,0,0,0,0,0,0,0,0,1,0,0
202,2,25,12,6307.28,73.0,2012-07-17,0,0,1,0,0,0,0,0,0,0,1,0,0,0,0,0,0,0,0
313,2,21,17,5911.558,100.0,2007-04-13,0,0,0,0,1,0,0,0,0,0,0,0,0,0,0,0,0,0,0
291,2,46,3,3071.45,87.0,2021-12-21,0,0,1,0,0,0,0,0,0,1,0,0,0,0,0,0,0,0,0
764,3,38,5,5808.31,69.0,2019-10-27,0,0,0,1,0,0,0,0,0,0,0,1,0,0,0,0,0,0,0
950,2,37,2,3542.1799999999994,68.0,2023-12-06,0,0,0,1,0,0,0,0,0,0,0,0,1,0,0,0,0,0,0
184,2,38,9,5746.19,67.0,2015-05-16,0,0,0,0,1,0,0,0,0,0,0,0,0,0,0,0,1,0,0
251,1,32,3,4793.104,100.0,2021-06-05,0,0,0,0,1,0,0,0,0,0,0,0,0,0,0,0,0,0,0
941,2,23,0,3914.39,68.0,2024-02-18,0,1,0,0,0,0,0,1,0,0,0,0,0,0,0,0,0,0,0
392,3,47,0,6458.62,54.0,2024-02-13,0,0,0,0,0,0,0,0,0,0,0,0,0,0,0,0,0,0,1
905,1,21,0,2647.39,61.0,2024-11-16,1,0,0,0,0,0,0,0,0,0,0,0,0,0,0,0,0,1,0
731,1,30,1,3591.59,58.0,2023-03-12,1,0,0,0,1,0,0,0,0,0,0,0,0,0,0,1,0,0,0
555,3,38,0,4563.14,83.0,2024-05-18,1,0,0,0,0,0,0,0,0,0,0,0,0,0,0,0,0,0,1
367,1,27,2,4664.63,44.0,2022-01-18,0,0,0,0,1,0,0,0,0,0,0,0,0,0,0,0,0,0,0
536,3,41,8,5712.69,81.0,2016-01-17,0,0,0,0,1,0,0,0,0,0,0,0,0,0,0,0,1,0,0
920,2,33,11,7315.0,58.0,2013-04-10,0,0,0,0,0,0,0,0,0,0,0,0,0,0,0,0,0,1,0
212,2,35,4,4821.96,56.0,2020-05-12,0,0,0,1,0,0,1,0,0,0,0,0,0,0,0,0,0,0,0
538,2,31,3,4262.34,64.0,2021-12-11,0,1,0,0,0,0,0,0,1,0,0,0,0,0,0,0,0,0,0
