Employee_ID,Segment_ID,Segment_Label
601,1,"Tenured Employees — Higher tenure, higher income"
737,0,"New Joiners — Lower tenure, lower income"
315,0,"New Joiners — Lower tenure, lower income"
816,0,"New Joiners — Lower tenure, lower income"
979,0,"New Joiners — Lower tenure, lower income"
10,0,"New Joiners — Lower tenure, lower income"
135,1,"Tenured Employees — Higher tenure, higher income"
778,0,"New Joiners — Lower tenure, lower income"
410,0,"New Joiners — Lower tenure, lower income"
413,0,"New Joiners — Lower tenure, lower income"
72,0,"New Joiners — Lower tenure, lower income"
460,0,"New Joiners — Lower tenure, lower income"
510,0,"New Joiners — Lower tenure, lower income"
55,0,"New Joiners — Lower tenure, lower income"
802,0,"New Joiners — Lower tenure, lower income"
714,0,"New Joiners — Lower tenure, lower income"
543,0,"New Joiners — Lower tenure, lower income"
768,0,"New Joiners — Lower tenure, lower income"
147,0,"New Joiners — Lower tenure, lower income"
837,1,"Tenured Employees — Higher tenure, higher income"
488,1,"Tenured Employees — Higher tenure, higher income"
874,0,"New Joiners — Lower tenure, lower income"
949,0,"New Joiners — Lower tenure, lower income"
719,0,"New Joiners — Lower tenure, lower income"
35,0,"New Joiners — Lower tenure, lower income"
172,0,"New Joiners — Lower tenure, lower income"
396,1,"Tenured Employees — Higher tenure, higher income"
369,0,"New Joiners — Lower tenure, lower income"
362,0,"New Joiners — Lower tenure, lower income"
329,0,"New Joiners — Lower tenure, lower income"
684,1,"Tenured Employees — Higher tenure, higher income"
257,1,"Tenured Employees — Higher tenure, higher income"
1000,0,"New Joiners — Lower tenure, lower income"
180,0,"New Joiners — Lower tenure, lower income"
919,0,"New Joiners — Lower tenure, lower income"
586,0,"New Joiners — Lower tenure, lower income"
165,1,"Tenured Employees — Higher tenure, higher income"
850,1,"Tenured Employees — Higher tenure, higher income"
957,0,"New Joiners — Lower tenure, lower income"
467,0,"New Joiners — Lower tenure, lower income"
373,0,"New Joiners — Lower tenure, lower income"
602,0,"New Joiners — Lower tenure, lower income"
485,0,"New Joiners — Lower tenure, lower income"
14,1,"Tenured Employees — Higher tenure, higher income"
749,0,"New Joiners — Lower tenure, lower income"
317,1,"Tenured Employees — Higher tenure, higher income"
456,0,"New Joiners — Lower tenure, lower income"
141,1,"Tenured Employees — Higher tenure, higher income"
217,1,"Tenured Employees — Higher tenure, higher income"
490,0,"New Joiners — Lower tenure, lower income"
306,0,"New Joiners — Lower tenure, lower income"
659,0,"New Joiners — Lower tenure, lower income"
956,0,"New Joiners — Lower tenure, lower income"
583,1,"Tenured Employees — Higher tenure, higher income"
900,0,"New Joiners — Lower tenure, lower income"
661,0,"New Joiners — Lower tenure, lower income"
409,0,"New Joiners — Lower tenure, lower income"
100,0,"New Joiners — Lower tenure, lower income"
786,1,"Tenured Employees — Higher tenure, higher income"
154,0,"New Joiners — Lower tenure, lower income"
47,1,"Tenured Employees — Higher tenure, higher income"
5,0,"New Joiners — Lower tenure, lower income"
173,0,"New Joiners — Lower tenure, lower income"
966,1,"Tenured Employees — Higher tenure, higher income"
927,0,"New Joiners — Lower tenure, lower income"
223,0,"New Joiners — Lower tenure, lower income"
998,0,"New Joiners — Lower tenure, lower income"
260,0,"New Joiners — Lower tenure, lower income"
559,1,"Tenured Employees — Higher tenure, higher income"
233,0,"New Joiners — Lower tenure, lower income"
109,0,"New Joiners — Lower tenure, lower income"
855,0,"New Joiners — Lower tenure, lower income"
981,0,"New Joiners — Lower tenure, lower income"
99,1,"Tenured Employees — Higher tenure, higher income"
766,0,"New Joiners — Lower tenure, lower income"
834,0,"New Joiners — Lower tenure, lower income"
221,1,"Tenured Employees — Higher tenure, higher income"
358,1,"Tenured Employees — Higher tenure, higher income"
972,0,"New Joiners — Lower tenure, lower income"
25,1,"Tenured Employees — Higher tenure, higher income"
993,0,"New Joiners — Lower tenure, lower income"
682,0,"New Joiners — Lower tenure, lower income"
385,0,"New Joiners — Lower tenure, lower income"
95,0,"New Joiners — Lower tenure, lower income"
771,0,"New Joiners — Lower tenure, lower income"
452,0,"New Joiners — Lower tenure, lower income"
26,0,"New Joiners — Lower tenure, lower income"
114,0,"New Joiners — Lower tenure, lower income"
126,0,"New Joiners — Lower tenure, lower income"
61,0,"New Joiners — Lower tenure, lower income"
434,0,"New Joiners — Lower tenure, lower income"
296,1,"Tenured Employees — Higher tenure, higher income"
245,0,"New Joiners — Lower tenure, lower income"
681,1,"Tenured Employees — Higher tenure, higher income"
76,0,"New Joiners — Lower tenure, lower income"
899,0,"New Joiners — Lower tenure, lower income"
427,0,"New Joiners — Lower tenure, lower income"
716,0,"New Joiners — Lower tenure, lower income"
418,1,"Tenured Employees — Higher tenure, higher income"
910,0,"New Joiners — Lower tenure, lower income"
390,0,"New Joiners — Lower tenure, lower income"
54,0,"New Joiners — Lower tenure, lower income"
844,0,"New Joiners — Lower tenure, lower income"
351,0,"New Joiners — Lower tenure, lower income"
472,0,"New Joiners — Lower tenure, lower income"
532,1,"Tenured Employees — Higher tenure, higher income"
644,1,"Tenured Employees — Higher tenure, higher income"
404,0,"New Joiners — Lower tenure, lower income"
907,0,"New Joiners — Lower tenure, lower income"
493,0,"New Joiners — Lower tenure, lower income"
376,0,"New Joiners — Lower tenure, lower income"
913,0,"New Joiners — Lower tenure, lower income"
511,0,"New Joiners — Lower tenure, lower income"
98,0,"New Joiners — Lower tenure, lower income"
286,0,"New Joiners — Lower tenure, lower income"
783,0,"New Joiners — Lower tenure, lower income"
740,0,"New Joiners — Lower tenure, lower income"
499,1,"Tenured Employees — Higher tenure, higher income"
781,0,"New Joiners — Lower tenure, lower income"
18,1,"Tenured Employees — Higher tenure, higher income"
197,0,"New Joiners — Lower tenure, lower income"
27,0,"New Joiners — Lower tenure, lower income"
729,0,"New Joiners — Lower tenure, lower income"
744,0,"New Joiners — Lower tenure, lower income"
345,0,"New Joiners — Lower tenure, lower income"
703,0,"New Joiners — Lower tenure, lower income"
190,0,"New Joiners — Lower tenure, lower income"
743,0,"New Joiners — Lower tenure, lower income"
971,1,"Tenured Employees — Higher tenure, higher income"
271,0,"New Joiners — Lower tenure, lower income"
327,1,"Tenured Employees — Higher tenure, higher income"
807,0,"New Joiners — Lower tenure, lower income"
813,0,"New Joiners — Lower tenure, lower income"
779,0,"New Joiners — Lower tenure, lower income"
796,1,"Tenured Employees — Higher tenure, higher income"
352,0,"New Joiners — Lower tenure, lower income"
386,0,"New Joiners — Lower tenure, lower income"
753,0,"New Joiners — Lower tenure, lower income"
792,1,"Tenured Employees — Higher tenure, higher income"
732,1,"Tenured Employees — Higher tenure, higher income"
263,0,"New Joiners — Lower tenure, lower income"
841,0,"New Joiners — Lower tenure, lower income"
169,1,"Tenured Employees — Higher tenure, higher income"
650,1,"Tenured Employees — Higher tenure, higher income"
563,0,"New Joiners — Lower tenure, lower income"
660,1,"Tenured Employees — Higher tenure, higher income"
730,0,"New Joiners — Lower tenure, lower income"
554,0,"New Joiners — Lower tenure, lower income"
307,1,"Tenured Employees — Higher tenure, higher income"
926,0,"New Joiners — Lower tenure, lower income"
962,0,"New Joiners — Lower tenure, lower income"
758,0,"New Joiners — Lower tenure, lower income"
897,0,"New Joiners — Lower tenure, lower income"
791,1,"Tenured Employees — Higher tenure, higher income"
642,1,"Tenured Employees — Higher tenure, higher income"
503,0,"New Joiners — Lower tenure, lower income"
309,0,"New Joiners — Lower tenure, lower income"
111,0,"New Joiners — Lower tenure, lower income"
526,0,"New Joiners — Lower tenure, lower income"
870,0,"New Joiners — Lower tenure, lower income"
58,0,"New Joiners — Lower tenure, lower income"
651,0,"New Joiners — Lower tenure, lower income"
7,0,"New Joiners — Lower tenure, lower income"
967,1,"Tenured Employees — Higher tenure, higher income"
139,0,"New Joiners — Lower tenure, lower income"
164,0,"New Joiners — Lower tenure, lower income"
359,0,"New Joiners — Lower tenure, lower income"
839,0,"New Joiners — Lower tenure, lower income"
44,0,"New Joiners — Lower tenure, lower income"
616,1,"Tenured Employees — Higher tenure, higher income"
64,0,"New Joiners — Lower tenure, lower income"
592,0,"New Joiners — Lower tenure, lower income"
587,0,"New Joiners — Lower tenure, lower income"
39,1,"Tenured Employees — Higher tenure, higher income"
400,1,"Tenured Employees — Higher tenure, higher income"
787,0,"New Joiners — Lower tenure, lower income"
889,0,"New Joiners — Lower tenure, lower income"
984,0,"New Joiners — Lower tenure, lower income"
205,1,"Tenured Employees — Higher tenure, higher income"
421,0,"New Joiners — Lower tenure, lower income"
961,0,"New Joiners — Lower tenure, lower income"
863,0,"New Joiners — Lower tenure, lower income"
285,1,"Tenured Employees — Higher tenure, higher income"
453,0,"New Joiners — Lower tenure, lower income"
789,1,"Tenured Employees — Higher tenure, higher income"
497,0,"New Joiners — Lower tenure, lower income"
419,0,"New Joiners — Lower tenure, lower income"
473,1,"Tenured Employees — Higher tenure, higher income"
186,0,"New Joiners — Lower tenure, lower income"
969,0,"New Joiners — Lower tenure, lower income"
633,0,"New Joiners — Lower tenure, lower income"
857,1,"Tenured Employees — Higher tenure, higher income"
873,0,"New Joiners — Lower tenure, lower income"
229,0,"New Joiners — Lower tenure, lower income"
548,1,"Tenured Employees — Higher tenure, higher income"
858,0,"New Joiners — Lower tenure, lower income"
368,0,"New Joiners — Lower tenure, lower income"
62,0,"New Joiners — Lower tenure, lower income"
627,0,"New Joiners — Lower tenure, lower income"
597,0,"New Joiners — Lower tenure, lower income"
508,0,"New Joiners — Lower tenure, lower income"
545,1,"Tenured Employees — Higher tenure, higher income"
596,0,"New Joiners — Lower tenure, lower income"
748,1,"Tenured Employees — Higher tenure, higher income"
455,0,"New Joiners — Lower tenure, lower income"
254,0,"New Joiners — Lower tenure, lower income"
138,0,"New Joiners — Lower tenure, lower income"
515,0,"New Joiners — Lower tenure, lower income"
710,0,"New Joiners — Lower tenure, lower income"
436,0,"New Joiners — Lower tenure, lower income"
571,0,"New Joiners — Lower tenure, lower income"
110,0,"New Joiners — Lower tenure, lower income"
678,0,"New Joiners — Lower tenure, lower income"
361,0,"New Joiners — Lower tenure, lower income"
337,0,"New Joiners — Lower tenure, lower income"
611,0,"New Joiners — Lower tenure, lower income"
701,0,"New Joiners — Lower tenure, lower income"
320,0,"New Joiners — Lower tenure, lower income"
614,0,"New Joiners — Lower tenure, lower income"
397,1,"Tenured Employees — Higher tenure, higher income"
149,0,"New Joiners — Lower tenure, lower income"
794,0,"New Joiners — Lower tenure, lower income"
685,0,"New Joiners — Lower tenure, lower income"
541,0,"New Joiners — Lower tenure, lower income"
159,1,"Tenured Employees — Higher tenure, higher income"
929,0,"New Joiners — Lower tenure, lower income"
570,1,"Tenured Employees — Higher tenure, higher income"
494,0,"New Joiners — Lower tenure, lower income"
24,0,"New Joiners — Lower tenure, lower income"
690,0,"New Joiners — Lower tenure, lower income"
129,0,"New Joiners — Lower tenure, lower income"
862,0,"New Joiners — Lower tenure, lower income"
973,1,"Tenured Employees — Higher tenure, higher income"
325,0,"New Joiners — Lower tenure, lower income"
903,0,"New Joiners — Lower tenure, lower income"
512,0,"New Joiners — Lower tenure, lower income"
363,1,"Tenured Employees — Higher tenure, higher income"
953,0,"New Joiners — Lower tenure, lower income"
468,0,"New Joiners — Lower tenure, lower income"
715,0,"New Joiners — Lower tenure, lower income"
847,1,"Tenured Employees — Higher tenure, higher income"
759,0,"New Joiners — Lower tenure, lower income"
831,0,"New Joiners — Lower tenure, lower income"
680,0,"New Joiners — Lower tenure, lower income"
420,1,"Tenured Employees — Higher tenure, higher income"
527,1,"Tenured Employees — Higher tenure, higher income"
610,0,"New Joiners — Lower tenure, lower income"
250,1,"Tenured Employees — Higher tenure, higher income"
380,0,"New Joiners — Lower tenure, lower income"
16,0,"New Joiners — Lower tenure, lower income"
160,0,"New Joiners — Lower tenure, lower income"
645,0,"New Joiners — Lower tenure, lower income"
49,0,"New Joiners — Lower tenure, lower income"
990,1,"Tenured Employees — Higher tenure, higher income"
412,0,"New Joiners — Lower tenure, lower income"
378,1,"Tenured Employees — Higher tenure, higher income"
295,0,"New Joiners — Lower tenure, lower income"
568,1,"Tenured Employees — Higher tenure, higher income"
128,0,"New Joiners — Lower tenure, lower income"
298,1,"Tenured Employees — Higher tenure, higher income"
997,1,"Tenured Employees — Higher tenure, higher income"
238,0,"New Joiners — Lower tenure, lower income"
168,1,"Tenured Employees — Higher tenure, higher income"
893,0,"New Joiners — Lower tenure, lower income"
447,0,"New Joiners — Lower tenure, lower income"
81,0,"New Joiners — Lower tenure, lower income"
876,0,"New Joiners — Lower tenure, lower income"
942,0,"New Joiners — Lower tenure, lower income"
938,0,"New Joiners — Lower tenure, lower income"
31,0,"New Joiners — Lower tenure, lower income"
243,1,"Tenured Employees — Higher tenure, higher income"
672,0,"New Joiners — Lower tenure, lower income"
741,1,"Tenured Employees — Higher tenure, higher income"
572,1,"Tenured Employees — Higher tenure, higher income"
776,0,"New Joiners — Lower tenure, lower income"
579,0,"New Joiners — Lower tenure, lower income"
706,1,"Tenured Employees — Higher tenure, higher income"
28,0,"New Joiners — Lower tenure, lower income"
578,0,"New Joiners — Lower tenure, lower income"
123,1,"Tenured Employees — Higher tenure, higher income"
803,0,"New Joiners — Lower tenure, lower income"
936,0,"New Joiners — Lower tenure, lower income"
921,0,"New Joiners — Lower tenure, lower income"
724,0,"New Joiners — Lower tenure, lower income"
564,0,"New Joiners — Lower tenure, lower income"
509,0,"New Joiners — Lower tenure, lower income"
272,0,"New Joiners — Lower tenure, lower income"
348,1,"Tenured Employees — Higher tenure, higher income"
757,0,"New Joiners — Lower tenure, lower income"
278,0,"New Joiners — Lower tenure, lower income"
895,0,"New Joiners — Lower tenure, lower income"
908,1,"Tenured Employees — Higher tenure, higher income"
432,0,"New Joiners — Lower tenure, lower income"
692,0,"New Joiners — Lower tenure, lower income"
976,1,"Tenured Employees — Higher tenure, higher income"
148,0,"New Joiners — Lower tenure, lower income"
300,1,"Tenured Employees — Higher tenure, higher income"
557,1,"Tenured Employees — Higher tenure, higher income"
446,0,"New Joiners — Lower tenure, lower income"
878,0,"New Joiners — Lower tenure, lower income"
458,0,"New Joiners — Lower tenure, lower income"
52,0,"New Joiners — Lower tenure, lower income"
879,1,"Tenured Employees — Higher tenure, higher income"
519,0,"New Joiners — Lower tenure, lower income"
23,0,"New Joiners — Lower tenure, lower income"
319,0,"New Joiners — Lower tenure, lower income"
675,0,"New Joiners — Lower tenure, lower income"
433,0,"New Joiners — Lower tenure, lower income"
210,0,"New Joiners — Lower tenure, lower income"
620,0,"New Joiners — Lower tenure, lower income"
143,1,"Tenured Employees — Higher tenure, higher income"
51,0,"New Joiners — Lower tenure, lower income"
167,1,"Tenured Employees — Higher tenure, higher income"
667,0,"New Joiners — Lower tenure, lower income"
82,0,"New Joiners — Lower tenure, lower income"
849,0,"New Joiners — Lower tenure, lower income"
322,0,"New Joiners — Lower tenure, lower income"
933,0,"New Joiners — Lower tenure, lower income"
965,0,"New Joiners — Lower tenure, lower income"
887,0,"New Joiners — Lower tenure, lower income"
67,1,"Tenured Employees — Higher tenure, higher income"
335,0,"New Joiners — Lower tenure, lower income"
290,0,"New Joiners — Lower tenure, lower income"
340,0,"New Joiners — Lower tenure, lower income"
830,1,"Tenured Employees — Higher tenure, higher income"
284,1,"Tenured Employees — Higher tenure, higher income"
501,0,"New Joiners — Lower tenure, lower income"
665,1,"Tenured Employees — Higher tenure, higher income"
65,0,"New Joiners — Lower tenure, lower income"
694,0,"New Joiners — Lower tenure, lower income"
265,0,"New Joiners — Lower tenure, lower income"
450,0,"New Joiners — Lower tenure, lower income"
581,0,"New Joiners — Lower tenure, lower income"
784,0,"New Joiners — Lower tenure, lower income"
21,1,"Tenured Employees — Higher tenure, higher income"
443,0,"New Joiners — Lower tenure, lower income"
822,0,"New Joiners — Lower tenure, lower income"
747,0,"New Joiners — Lower tenure, lower income"
297,0,"New Joiners — Lower tenure, lower income"
500,1,"Tenured Employees — Higher tenure, higher income"
573,0,"New Joiners — Lower tenure, lower income"
262,1,"Tenured Employees — Higher tenure, higher income"
805,1,"Tenured Employees — Higher tenure, higher income"
866,0,"New Joiners — Lower tenure, lower income"
683,0,"New Joiners — Lower tenure, lower income"
558,0,"New Joiners — Lower tenure, lower income"
612,0,"New Joiners — Lower tenure, lower income"
622,1,"Tenured Employees — Higher tenure, higher income"
529,0,"New Joiners — Lower tenure, lower income"
882,0,"New Joiners — Lower tenure, lower income"
189,0,"New Joiners — Lower tenure, lower income"
252,0,"New Joiners — Lower tenure, lower income"
102,0,"New Joiners — Lower tenure, lower income"
946,0,"New Joiners — Lower tenure, lower income"
398,0,"New Joiners — Lower tenure, lower income"
888,1,"Tenured Employees — Higher tenure, higher income"
566,0,"New Joiners — Lower tenure, lower income"
668,0,"New Joiners — Lower tenure, lower income"
996,0,"New Joiners — Lower tenure, lower income"
772,1,"Tenured Employees — Higher tenure, higher income"
331,0,"New Joiners — Lower tenure, lower income"
599,0,"New Joiners — Lower tenure, lower income"
735,1,"Tenured Employees — Higher tenure, higher income"
366,0,"New Joiners — Lower tenure, lower income"
282,1,"Tenured Employees — Higher tenure, higher income"
867,0,"New Joiners — Lower tenure, lower income"
782,0,"New Joiners — Lower tenure, lower income"
814,0,"New Joiners — Lower tenure, lower income"
854,0,"New Joiners — Lower tenure, lower income"
464,0,"New Joiners — Lower tenure, lower income"
208,0,"New Joiners — Lower tenure, lower income"
514,1,"Tenured Employees — Higher tenure, higher income"
219,0,"New Joiners — Lower tenure, lower income"
240,0,"New Joiners — Lower tenure, lower income"
964,1,"Tenured Employees — Higher tenure, higher income"
356,1,"Tenured Employees — Higher tenure, higher income"
565,0,"New Joiners — Lower tenure, lower income"
193,0,"New Joiners — Lower tenure, lower income"
281,0,"New Joiners — Lower tenure, lower income"
192,0,"New Joiners — Lower tenure, lower income"
408,0,"New Joiners — Lower tenure, lower income"
431,0,"New Joiners — Lower tenure, lower income"
686,0,"New Joiners — Lower tenure, lower income"
133,1,"Tenured Employees — Higher tenure, higher income"
708,0,"New Joiners — Lower tenure, lower income"
524,0,"New Joiners — Lower tenure, lower income"
253,1,"Tenured Employees — Higher tenure, higher income"
721,0,"New Joiners — Lower tenure, lower income"
552,0,"New Joiners — Lower tenure, lower income"
264,0,"New Joiners — Lower tenure, lower income"
71,0,"New Joiners — Lower tenure, lower income"
273,1,"Tenured Employees — Higher tenure, higher income"
113,1,"Tenured Employees — Higher tenure, higher income"
328,0,"New Joiners — Lower tenure, lower income"
116,0,"New Joiners — Lower tenure, lower income"
324,0,"New Joiners — Lower tenure, lower income"
38,1,"Tenured Employees — Higher tenure, higher income"
868,0,"New Joiners — Lower tenure, lower income"
424,0,"New Joiners — Lower tenure, lower income"
906,0,"New Joiners — Lower tenure, lower income"
835,0,"New Joiners — Lower tenure, lower income"
948,1,"Tenured Employees — Higher tenure, higher income"
516,0,"New Joiners — Lower tenure, lower income"
531,1,"Tenured Employees — Higher tenure, higher income"
603,1,"Tenured Employees — Higher tenure, higher income"
755,0,"New Joiners — Lower tenure, lower income"
654,1,"Tenured Employees — Higher tenure, higher income"
279,0,"New Joiners — Lower tenure, lower income"
840,1,"Tenured Employees — Higher tenure, higher income"
695,1,"Tenured Employees — Higher tenure, higher income"
3,0,"New Joiners — Lower tenure, lower income"
230,1,"Tenured Employees — Higher tenure, higher income"
504,1,"Tenured Employees — Higher tenure, higher income"
991,1,"Tenured Employees — Higher tenure, higher income"
869,0,"New Joiners — Lower tenure, lower income"
915,1,"Tenured Employees — Higher tenure, higher income"
619,0,"New Joiners — Lower tenure, lower income"
200,0,"New Joiners — Lower tenure, lower income"
917,0,"New Joiners — Lower tenure, lower income"
955,0,"New Joiners — Lower tenure, lower income"
438,0,"New Joiners — Lower tenure, lower income"
656,0,"New Joiners — Lower tenure, lower income"
66,0,"New Joiners — Lower tenure, lower income"
308,0,"New Joiners — Lower tenure, lower income"
41,0,"New Joiners — Lower tenure, lower income"
591,0,"New Joiners — Lower tenure, lower income"
795,0,"New Joiners — Lower tenure, lower income"
697,0,"New Joiners — Lower tenure, lower income"
505,0,"New Joiners — Lower tenure, lower income"
542,1,"Tenured Employees — Higher tenure, higher income"
50,1,"Tenured Employees — Higher tenure, higher income"
604,1,"Tenured Employees — Higher tenure, higher income"
274,0,"New Joiners — Lower tenure, lower income"
745,0,"New Joiners — Lower tenure, lower income"
702,0,"New Joiners — Lower tenure, lower income"
687,1,"Tenured Employees — Higher tenure, higher income"
178,0,"New Joiners — Lower tenure, lower income"
301,1,"Tenured Employees — Higher tenure, higher income"
354,0,"New Joiners — Lower tenure, lower income"
203,1,"Tenured Employees — Higher tenure, higher income"
237,0,"New Joiners — Lower tenure, lower income"
150,0,"New Joiners — Lower tenure, lower income"
448,0,"New Joiners — Lower tenure, lower income"
218,0,"New Joiners — Lower tenure, lower income"
723,0,"New Joiners — Lower tenure, lower income"
474,0,"New Joiners — Lower tenure, lower income"
653,0,"New Joiners — Lower tenure, lower income"
303,0,"New Joiners — Lower tenure, lower income"
914,0,"New Joiners — Lower tenure, lower income"
978,1,"Tenured Employees — Higher tenure, higher income"
717,1,"Tenured Employees — Higher tenure, higher income"
986,0,"New Joiners — Lower tenure, lower income"
389,0,"New Joiners — Lower tenure, lower income"
479,0,"New Joiners — Lower tenure, lower income"
492,0,"New Joiners — Lower tenure, lower income"
423,0,"New Joiners — Lower tenure, lower income"
388,0,"New Joiners — Lower tenure, lower income"
860,1,"Tenured Employees — Higher tenure, higher income"
391,0,"New Joiners — Lower tenure, lower income"
535,1,"Tenured Employees — Higher tenure, higher income"
353,0,"New Joiners — Lower tenure, lower income"
194,0,"New Joiners — Lower tenure, lower income"
770,1,"Tenured Employees — Higher tenure, higher income"
890,0,"New Joiners — Lower tenure, lower income"
481,1,"Tenured Employees — Higher tenure, higher income"
56,1,"Tenured Employees — Higher tenure, higher income"
117,1,"Tenured Employees — Higher tenure, higher income"
97,1,"Tenured Employees — Higher tenure, higher income"
142,0,"New Joiners — Lower tenure, lower income"
958,0,"New Joiners — Lower tenure, lower income"
918,0,"New Joiners — Lower tenure, lower income"
636,1,"Tenured Employees — Higher tenure, higher income"
598,0,"New Joiners — Lower tenure, lower income"
674,0,"New Joiners — Lower tenure, lower income"
121,1,"Tenured Employees — Higher tenure, higher income"
811,0,"New Joiners — Lower tenure, lower income"
930,0,"New Joiners — Lower tenure, lower income"
63,1,"Tenured Employees — Higher tenure, higher income"
809,0,"New Joiners — Lower tenure, lower income"
819,0,"New Joiners — Lower tenure, lower income"
454,0,"New Joiners — Lower tenure, lower income"
780,0,"New Joiners — Lower tenure, lower income"
415,0,"New Joiners — Lower tenure, lower income"
4,0,"New Joiners — Lower tenure, lower income"
59,1,"Tenured Employees — Higher tenure, higher income"
224,1,"Tenured Employees — Higher tenure, higher income"
222,1,"Tenured Employees — Higher tenure, higher income"
466,0,"New Joiners — Lower tenure, lower income"
53,0,"New Joiners — Lower tenure, lower income"
486,0,"New Joiners — Lower tenure, lower income"
709,0,"New Joiners — Lower tenure, lower income"
156,0,"New Joiners — Lower tenure, lower income"
707,0,"New Joiners — Lower tenure, lower income"
249,0,"New Joiners — Lower tenure, lower income"
442,1,"Tenured Employees — Higher tenure, higher income"
904,1,"Tenured Employees — Higher tenure, higher income"
569,0,"New Joiners — Lower tenure, lower income"
925,0,"New Joiners — Lower tenure, lower income"
292,1,"Tenured Employees — Higher tenure, higher income"
382,1,"Tenured Employees — Higher tenure, higher income"
952,1,"Tenured Employees — Higher tenure, higher income"
762,0,"New Joiners — Lower tenure, lower income"
963,0,"New Joiners — Lower tenure, lower income"
506,0,"New Joiners — Lower tenure, lower income"
815,0,"New Joiners — Lower tenure, lower income"
861,1,"Tenured Employees — Higher tenure, higher income"
341,0,"New Joiners — Lower tenure, lower income"
155,0,"New Joiners — Lower tenure, lower income"
916,0,"New Joiners — Lower tenure, lower income"
777,0,"New Joiners — Lower tenure, lower income"
838,0,"New Joiners — Lower tenure, lower income"
323,0,"New Joiners — Lower tenure, lower income"
643,0,"New Joiners — Lower tenure, lower income"
624,1,"Tenured Employees — Higher tenure, higher income"
83,1,"Tenured Employees — Higher tenure, higher income"
621,1,"Tenured Employees — Higher tenure, higher income"
465,1,"Tenured Employees — Higher tenure, higher income"
761,1,"Tenured Employees — Higher tenure, higher income"
334,0,"New Joiners — Lower tenure, lower income"
11,1,"Tenured Employees — Higher tenure, higher income"
471,0,"New Joiners — Lower tenure, lower income"
33,1,"Tenured Employees — Higher tenure, higher income"
934,0,"New Joiners — Lower tenure, lower income"
383,0,"New Joiners — Lower tenure, lower income"
726,1,"Tenured Employees — Higher tenure, higher income"
631,0,"New Joiners — Lower tenure, lower income"
959,0,"New Joiners — Lower tenure, lower income"
968,0,"New Joiners — Lower tenure, lower income"
379,1,"Tenured Employees — Higher tenure, higher income"
90,0,"New Joiners — Lower tenure, lower income"
214,0,"New Joiners — Lower tenure, lower income"
987,0,"New Joiners — Lower tenure, lower income"
134,0,"New Joiners — Lower tenure, lower income"
347,0,"New Joiners — Lower tenure, lower income"
8,0,"New Joiners — Lower tenure, lower income"
658,0,"New Joiners — Lower tenure, lower income"
321,0,"New Joiners — Lower tenure, lower income"
832,0,"New Joiners — Lower tenure, lower income"
188,0,"New Joiners — Lower tenure, lower income"
553,0,"New Joiners — Lower tenure, lower income"
305,0,"New Joiners — Lower tenure, lower income"
32,1,"Tenured Employees — Higher tenure, higher income"
652,1,"Tenured Employees — Higher tenure, higher income"
241,0,"New Joiners — Lower tenure, lower income"
880,0,"New Joiners — Lower tenure, lower income"
175,0,"New Joiners — Lower tenure, lower income"
246,0,"New Joiners — Lower tenure, lower income"
57,0,"New Joiners — Lower tenure, lower income"
799,0,"New Joiners — Lower tenure, lower income"
146,1,"Tenured Employees — Higher tenure, higher income"
91,1,"Tenured Employees — Higher tenure, higher income"
393,0,"New Joiners — Lower tenure, lower income"
311,1,"Tenured Employees — Higher tenure, higher income"
360,1,"Tenured Employees — Higher tenure, higher income"
94,1,"Tenured Employees — Higher tenure, higher income"
738,0,"New Joiners — Lower tenure, lower income"
377,0,"New Joiners — Lower tenure, lower income"
244,0,"New Joiners — Lower tenure, lower income"
875,0,"New Joiners — Lower tenure, lower income"
88,1,"Tenured Employees — Higher tenure, higher income"
215,0,"New Joiners — Lower tenure, lower income"
445,0,"New Joiners — Lower tenure, lower income"
174,0,"New Joiners — Lower tenure, lower income"
426,1,"Tenured Employees — Higher tenure, higher income"
823,1,"Tenured Employees — Higher tenure, higher income"
119,0,"New Joiners — Lower tenure, lower income"
120,0,"New Joiners — Lower tenure, lower income"
677,0,"New Joiners — Lower tenure, lower income"
1,0,"New Joiners — Lower tenure, lower income"
395,0,"New Joiners — Lower tenure, lower income"
402,1,"Tenured Employees — Higher tenure, higher income"
405,0,"New Joiners — Lower tenure, lower income"
657,1,"Tenured Employees — Higher tenure, higher income"
664,0,"New Joiners — Lower tenure, lower income"
163,0,"New Joiners — Lower tenure, lower income"
115,0,"New Joiners — Lower tenure, lower income"
151,1,"Tenured Employees — Higher tenure, higher income"
626,1,"Tenured Employees — Higher tenure, higher income"
628,1,"Tenured Employees — Higher tenure, higher income"
774,0,"New Joiners — Lower tenure, lower income"
544,0,"New Joiners — Lower tenure, lower income"
478,0,"New Joiners — Lower tenure, lower income"
533,1,"Tenured Employees — Higher tenure, higher income"
513,0,"New Joiners — Lower tenure, lower income"
259,1,"Tenured Employees — Higher tenure, higher income"
625,1,"Tenured Employees — Higher tenure, higher income"
898,0,"New Joiners — Lower tenure, lower income"
136,0,"New Joiners — Lower tenure, lower income"
617,0,"New Joiners — Lower tenure, lower income"
982,0,"New Joiners — Lower tenure, lower income"
704,1,"Tenured Employees — Higher tenure, higher income"
593,0,"New Joiners — Lower tenure, lower income"
846,1,"Tenured Employees — Higher tenure, higher income"
502,0,"New Joiners — Lower tenure, lower income"
539,0,"New Joiners — Lower tenure, lower income"
713,0,"New Joiners — Lower tenure, lower income"
582,0,"New Joiners — Lower tenure, lower income"
344,0,"New Joiners — Lower tenure, lower income"
752,0,"New Joiners — Lower tenure, lower income"
663,1,"Tenured Employees — Higher tenure, higher income"
294,1,"Tenured Employees — Higher tenure, higher income"
365,1,"Tenured Employees — Higher tenure, higher income"
669,0,"New Joiners — Lower tenure, lower income"
15,1,"Tenured Employees — Higher tenure, higher income"
87,1,"Tenured Employees — Higher tenure, higher income"
371,0,"New Joiners — Lower tenure, lower income"
166,0,"New Joiners — Lower tenure, lower income"
935,0,"New Joiners — Lower tenure, lower income"
336,1,"Tenured Employees — Higher tenure, higher income"
60,1,"Tenured Employees — Higher tenure, higher income"
355,1,"Tenured Employees — Higher tenure, higher income"
425,0,"New Joiners — Lower tenure, lower income"
293,1,"Tenured Employees — Higher tenure, higher income"
42,1,"Tenured Employees — Higher tenure, higher income"
330,0,"New Joiners — Lower tenure, lower income"
615,0,"New Joiners — Lower tenure, lower income"
430,0,"New Joiners — Lower tenure, lower income"
80,1,"Tenured Employees — Higher tenure, higher income"
255,0,"New Joiners — Lower tenure, lower income"
797,0,"New Joiners — Lower tenure, lower income"
459,0,"New Joiners — Lower tenure, lower income"
384,0,"New Joiners — Lower tenure, lower income"
314,0,"New Joiners — Lower tenure, lower income"
85,0,"New Joiners — Lower tenure, lower income"
575,0,"New Joiners — Lower tenure, lower income"
137,0,"New Joiners — Lower tenure, lower income"
112,0,"New Joiners — Lower tenure, lower income"
195,0,"New Joiners — Lower tenure, lower income"
179,0,"New Joiners — Lower tenure, lower income"
939,0,"New Joiners — Lower tenure, lower income"
130,0,"New Joiners — Lower tenure, lower income"
338,0,"New Joiners — Lower tenure, lower income"
609,0,"New Joiners — Lower tenure, lower income"
125,1,"Tenured Employees — Higher tenure, higher income"
105,1,"Tenured Employees — Higher tenure, higher income"
227,1,"Tenured Employees — Higher tenure, higher income"
269,1,"Tenured Employees — Higher tenure, higher income"
153,0,"New Joiners — Lower tenure, lower income"
585,0,"New Joiners — Lower tenure, lower income"
104,1,"Tenured Employees — Higher tenure, higher income"
594,0,"New Joiners — Lower tenure, lower income"
977,0,"New Joiners — Lower tenure, lower income"
228,1,"Tenured Employees — Higher tenure, higher income"
937,0,"New Joiners — Lower tenure, lower income"
302,0,"New Joiners — Lower tenure, lower income"
276,0,"New Joiners — Lower tenure, lower income"
127,0,"New Joiners — Lower tenure, lower income"
406,0,"New Joiners — Lower tenure, lower income"
943,0,"New Joiners — Lower tenure, lower income"
37,1,"Tenured Employees — Higher tenure, higher income"
140,0,"New Joiners — Lower tenure, lower income"
304,0,"New Joiners — Lower tenure, lower income"
268,1,"Tenured Employees — Higher tenure, higher income"
534,0,"New Joiners — Lower tenure, lower income"
546,0,"New Joiners — Lower tenure, lower income"
213,0,"New Joiners — Lower tenure, lower income"
469,0,"New Joiners — Lower tenure, lower income"
199,0,"New Joiners — Lower tenure, lower income"
673,0,"New Joiners — Lower tenure, lower income"
528,0,"New Joiners — Lower tenure, lower income"
676,1,"Tenured Employees — Higher tenure, higher income"
975,0,"New Joiners — Lower tenure, lower income"
242,1,"Tenured Employees — Higher tenure, higher income"
343,1,"Tenured Employees — Higher tenure, higher income"
550,0,"New Joiners — Lower tenure, lower income"
387,0,"New Joiners — Lower tenure, lower income"
911,1,"Tenured Employees — Higher tenure, higher income"
207,0,"New Joiners — Lower tenure, lower income"
696,0,"New Joiners — Lower tenure, lower income"
818,0,"New Joiners — Lower tenure, lower income"
74,0,"New Joiners — Lower tenure, lower income"
793,0,"New Joiners — Lower tenure, lower income"
734,0,"New Joiners — Lower tenure, lower income"
756,0,"New Joiners — Lower tenure, lower income"
17,1,"Tenured Employees — Higher tenure, higher income"
440,0,"New Joiners — Lower tenure, lower income"
92,0,"New Joiners — Lower tenure, lower income"
89,1,"Tenured Employees — Higher tenure, higher income"
451,0,"New Joiners — Lower tenure, lower income"
718,0,"New Joiners — Lower tenure, lower income"
103,1,"Tenured Employees — Higher tenure, higher income"
239,0,"New Joiners — Lower tenure, lower income"
769,0,"New Joiners — Lower tenure, lower income"
247,1,"Tenured Employees — Higher tenure, higher income"
821,0,"New Joiners — Lower tenure, lower income"
158,0,"New Joiners — Lower tenure, lower income"
480,1,"Tenured Employees — Higher tenure, higher income"
646,0,"New Joiners — Lower tenure, lower income"
974,0,"New Joiners — Lower tenure, lower income"
872,0,"New Joiners — Lower tenure, lower income"
19,0,"New Joiners — Lower tenure, lower income"
751,0,"New Joiners — Lower tenure, lower income"
122,0,"New Joiners — Lower tenure, lower income"
886,0,"New Joiners — Lower tenure, lower income"
275,0,"New Joiners — Lower tenure, lower income"
951,0,"New Joiners — Lower tenure, lower income"
312,0,"New Joiners — Lower tenure, lower income"
806,0,"New Joiners — Lower tenure, lower income"
902,0,"New Joiners — Lower tenure, lower income"
547,0,"New Joiners — Lower tenure, lower income"
182,0,"New Joiners — Lower tenure, lower income"
185,0,"New Joiners — Lower tenure, lower income"
407,0,"New Joiners — Lower tenure, lower income"
720,1,"Tenured Employees — Higher tenure, higher income"
607,0,"New Joiners — Lower tenure, lower income"
693,1,"Tenured Employees — Higher tenure, higher income"
521,0,"New Joiners — Lower tenure, lower income"
381,0,"New Joiners — Lower tenure, lower income"
411,0,"New Joiners — Lower tenure, lower income"
635,0,"New Joiners — Lower tenure, lower income"
370,0,"New Joiners — Lower tenure, lower income"
859,0,"New Joiners — Lower tenure, lower income"
883,0,"New Joiners — Lower tenure, lower income"
801,1,"Tenured Employees — Higher tenure, higher income"
79,0,"New Joiners — Lower tenure, lower income"
574,0,"New Joiners — Lower tenure, lower income"
638,0,"New Joiners — Lower tenure, lower income"
608,1,"Tenured Employees — Higher tenure, higher income"
843,0,"New Joiners — Lower tenure, lower income"
69,1,"Tenured Employees — Higher tenure, higher income"
881,0,"New Joiners — Lower tenure, lower income"
980,0,"New Joiners — Lower tenure, lower income"
417,0,"New Joiners — Lower tenure, lower income"
790,1,"Tenured Employees — Higher tenure, higher income"
562,0,"New Joiners — Lower tenure, lower income"
68,0,"New Joiners — Lower tenure, lower income"
537,0,"New Joiners — Lower tenure, lower income"
78,0,"New Joiners — Lower tenure, lower income"
106,0,"New Joiners — Lower tenure, lower income"
829,0,"New Joiners — Lower tenure, lower income"
639,0,"New Joiners — Lower tenure, lower income"
560,1,"Tenured Employees — Higher tenure, higher income"
808,1,"Tenured Employees — Higher tenure, higher income"
691,0,"New Joiners — Lower tenure, lower income"
641,0,"New Joiners — Lower tenure, lower income"
995,1,"Tenured Employees — Higher tenure, higher income"
922,0,"New Joiners — Lower tenure, lower income"
736,0,"New Joiners — Lower tenure, lower income"
826,0,"New Joiners — Lower tenure, lower income"
491,1,"Tenured Employees — Higher tenure, higher income"
894,0,"New Joiners — Lower tenure, lower income"
606,0,"New Joiners — Lower tenure, lower income"
364,0,"New Joiners — Lower tenure, lower income"
70,0,"New Joiners — Lower tenure, lower income"
549,0,"New Joiners — Lower tenure, lower income"
161,1,"Tenured Employees — Higher tenure, higher income"
12,0,"New Joiners — Lower tenure, lower income"
145,0,"New Joiners — Lower tenure, lower income"
518,0,"New Joiners — Lower tenure, lower income"
428,1,"Tenured Employees — Higher tenure, higher income"
640,0,"New Joiners — Lower tenure, lower income"
177,0,"New Joiners — Lower tenure, lower income"
441,1,"Tenured Employees — Higher tenure, higher income"
522,0,"New Joiners — Lower tenure, lower income"
923,0,"New Joiners — Lower tenure, lower income"
999,0,"New Joiners — Lower tenure, lower income"
689,1,"Tenured Employees — Higher tenure, higher income"
211,0,"New Joiners — Lower tenure, lower income"
144,0,"New Joiners — Lower tenure, lower income"
754,0,"New Joiners — Lower tenure, lower income"
520,1,"Tenured Employees — Higher tenure, higher income"
349,0,"New Joiners — Lower tenure, lower income"
299,1,"Tenured Employees — Higher tenure, higher income"
767,0,"New Joiners — Lower tenure, lower income"
429,0,"New Joiners — Lower tenure, lower income"
613,1,"Tenured Employees — Higher tenure, higher income"
985,0,"New Joiners — Lower tenure, lower income"
994,0,"New Joiners — Lower tenure, lower income"
9,0,"New Joiners — Lower tenure, lower income"
157,0,"New Joiners — Lower tenure, lower income"
540,0,"New Joiners — Lower tenure, lower income"
507,0,"New Joiners — Lower tenure, lower income"
437,0,"New Joiners — Lower tenure, lower income"
267,0,"New Joiners — Lower tenure, lower income"
827,0,"New Joiners — Lower tenure, lower income"
462,1,"Tenured Employees — Higher tenure, higher income"
577,1,"Tenured Employees — Higher tenure, higher income"
339,0,"New Joiners — Lower tenure, lower income"
256,1,"Tenured Employees — Higher tenure, higher income"
853,0,"New Joiners — Lower tenure, lower income"
901,1,"Tenured Employees — Higher tenure, higher income"
666,0,"New Joiners — Lower tenure, lower income"
561,0,"New Joiners — Lower tenure, lower income"
209,0,"New Joiners — Lower tenure, lower income"
288,0,"New Joiners — Lower tenure, lower income"
2,0,"New Joiners — Lower tenure, lower income"
342,1,"Tenured Employees — Higher tenure, higher income"
270,0,"New Joiners — Lower tenure, lower income"
266,0,"New Joiners — Lower tenure, lower income"
864,0,"New Joiners — Lower tenure, lower income"
871,0,"New Joiners — Lower tenure, lower income"
727,0,"New Joiners — Lower tenure, lower income"
43,0,"New Joiners — Lower tenure, lower income"
399,0,"New Joiners — Lower tenure, lower income"
884,1,"Tenured Employees — Higher tenure, higher income"
629,0,"New Joiners — Lower tenure, lower income"
46,0,"New Joiners — Lower tenure, lower income"
162,0,"New Joiners — Lower tenure, lower income"
728,0,"New Joiners — Lower tenure, lower income"
630,0,"New Joiners — Lower tenure, lower income"
289,0,"New Joiners — Lower tenure, lower income"
590,0,"New Joiners — Lower tenure, lower income"
970,0,"New Joiners — Lower tenure, lower income"
576,0,"New Joiners — Lower tenure, lower income"
851,0,"New Joiners — Lower tenure, lower income"
316,1,"Tenured Employees — Higher tenure, higher income"
944,0,"New Joiners — Lower tenure, lower income"
231,0,"New Joiners — Lower tenure, lower income"
810,0,"New Joiners — Lower tenure, lower income"
877,1,"Tenured Employees — Higher tenure, higher income"
712,0,"New Joiners — Lower tenure, lower income"
77,0,"New Joiners — Lower tenure, lower income"
634,0,"New Joiners — Lower tenure, lower income"
248,0,"New Joiners — Lower tenure, lower income"
820,0,"New Joiners — Lower tenure, lower income"
825,1,"Tenured Employees — Higher tenure, higher income"
477,0,"New Joiners — Lower tenure, lower income"
671,1,"Tenured Employees — Higher tenure, higher income"
86,0,"New Joiners — Lower tenure, lower income"
470,0,"New Joiners — Lower tenure, lower income"
226,0,"New Joiners — Lower tenure, lower income"
775,0,"New Joiners — Lower tenure, lower income"
332,0,"New Joiners — Lower tenure, lower income"
234,0,"New Joiners — Lower tenure, lower income"
589,0,"New Joiners — Lower tenure, lower income"
476,0,"New Joiners — Lower tenure, lower income"
346,0,"New Joiners — Lower tenure, lower income"
983,0,"New Joiners — Lower tenure, lower income"
600,0,"New Joiners — Lower tenure, lower income"
422,1,"Tenured Employees — Higher tenure, higher income"
688,1,"Tenured Employees — Higher tenure, higher income"
183,0,"New Joiners — Lower tenure, lower income"
618,0,"New Joiners — Lower tenure, lower income"
333,1,"Tenured Employees — Higher tenure, higher income"
439,0,"New Joiners — Lower tenure, lower income"
931,0,"New Joiners — Lower tenure, lower income"
6,0,"New Joiners — Lower tenure, lower income"
530,0,"New Joiners — Lower tenure, lower income"
235,1,"Tenured Employees — Higher tenure, higher income"
487,0,"New Joiners — Lower tenure, lower income"
960,1,"Tenured Employees — Higher tenure, higher income"
498,1,"Tenured Employees — Higher tenure, higher income"
885,1,"Tenured Employees — Higher tenure, higher income"
954,0,"New Joiners — Lower tenure, lower income"
107,0,"New Joiners — Lower tenure, lower income"
444,0,"New Joiners — Lower tenure, lower income"
489,0,"New Joiners — Lower tenure, lower income"
647,0,"New Joiners — Lower tenure, lower income"
13,0,"New Joiners — Lower tenure, lower income"
739,0,"New Joiners — Lower tenure, lower income"
191,1,"Tenured Employees — Higher tenure, higher income"
833,0,"New Joiners — Lower tenure, lower income"
283,0,"New Joiners — Lower tenure, lower income"
30,1,"Tenured Employees — Higher tenure, higher income"
170,1,"Tenured Employees — Higher tenure, higher income"
181,0,"New Joiners — Lower tenure, lower income"
101,0,"New Joiners — Lower tenure, lower income"
198,1,"Tenured Employees — Higher tenure, higher income"
496,0,"New Joiners — Lower tenure, lower income"
722,0,"New Joiners — Lower tenure, lower income"
648,0,"New Joiners — Lower tenure, lower income"
45,0,"New Joiners — Lower tenure, lower income"
992,0,"New Joiners — Lower tenure, lower income"
711,0,"New Joiners — Lower tenure, lower income"
374,0,"New Joiners — Lower tenure, lower income"
679,0,"New Joiners — Lower tenure, lower income"
940,0,"New Joiners — Lower tenure, lower income"
649,0,"New Joiners — Lower tenure, lower income"
798,0,"New Joiners — Lower tenure, lower income"
848,0,"New Joiners — Lower tenure, lower income"
461,1,"Tenured Employees — Higher tenure, higher income"
909,0,"New Joiners — Lower tenure, lower income"
414,1,"Tenured Employees — Higher tenure, higher income"
132,0,"New Joiners — Lower tenure, lower income"
40,0,"New Joiners — Lower tenure, lower income"
435,0,"New Joiners — Lower tenure, lower income"
216,0,"New Joiners — Lower tenure, lower income"
556,1,"Tenured Employees — Higher tenure, higher income"
567,0,"New Joiners — Lower tenure, lower income"
763,0,"New Joiners — Lower tenure, lower income"
475,0,"New Joiners — Lower tenure, lower income"
457,0,"New Joiners — Lower tenure, lower income"
812,0,"New Joiners — Lower tenure, lower income"
261,1,"Tenured Employees — Higher tenure, higher income"
817,0,"New Joiners — Lower tenure, lower income"
36,0,"New Joiners — Lower tenure, lower income"
828,0,"New Joiners — Lower tenure, lower income"
912,0,"New Joiners — Lower tenure, lower income"
310,1,"Tenured Employees — Higher tenure, higher income"
277,0,"New Joiners — Lower tenure, lower income"
637,1,"Tenured Employees — Higher tenure, higher income"
655,1,"Tenured Employees — Higher tenure, higher income"
623,0,"New Joiners — Lower tenure, lower income"
836,0,"New Joiners — Lower tenure, lower income"
845,1,"Tenured Employees — Higher tenure, higher income"
394,0,"New Joiners — Lower tenure, lower income"
108,1,"Tenured Employees — Higher tenure, higher income"
525,0,"New Joiners — Lower tenure, lower income"
785,0,"New Joiners — Lower tenure, lower income"
204,0,"New Joiners — Lower tenure, lower income"
988,0,"New Joiners — Lower tenure, lower income"
632,1,"Tenured Employees — Higher tenure, higher income"
22,0,"New Joiners — Lower tenure, lower income"
403,1,"Tenured Employees — Higher tenure, higher income"
947,0,"New Joiners — Lower tenure, lower income"
84,0,"New Joiners — Lower tenure, lower income"
131,0,"New Joiners — Lower tenure, lower income"
896,0,"New Joiners — Lower tenure, lower income"
842,0,"New Joiners — Lower tenure, lower income"
742,1,"Tenured Employees — Higher tenure, higher income"
698,0,"New Joiners — Lower tenure, lower income"
287,0,"New Joiners — Lower tenure, lower income"
124,1,"Tenured Employees — Higher tenure, higher income"
34,0,"New Joiners — Lower tenure, lower income"
788,1,"Tenured Employees — Higher tenure, higher income"
517,1,"Tenured Employees — Higher tenure, higher income"
924,0,"New Joiners — Lower tenure, lower income"
20,0,"New Joiners — Lower tenure, lower income"
220,0,"New Joiners — Lower tenure, lower income"
892,1,"Tenured Employees — Higher tenure, higher income"
580,1,"Tenured Employees — Higher tenure, higher income"
482,0,"New Joiners — Lower tenure, lower income"
932,1,"Tenured Employees — Higher tenure, higher income"
357,0,"New Joiners — Lower tenure, lower income"
662,0,"New Joiners — Lower tenure, lower income"
225,1,"Tenured Employees — Higher tenure, higher income"
760,0,"New Joiners — Lower tenure, lower income"
93,1,"Tenured Employees — Higher tenure, higher income"
152,0,"New Joiners — Lower tenure, lower income"
318,1,"Tenured Employees — Higher tenure, higher income"
449,1,"Tenured Employees — Higher tenure, higher income"
804,0,"New Joiners — Lower tenure, lower income"
746,0,"New Joiners — Lower tenure, lower income"
523,1,"Tenured Employees — Higher tenure, higher income"
280,0,"New Joiners — Lower tenure, lower income"
584,0,"New Joiners — Lower tenure, lower income"
765,0,"New Joiners — Lower tenure, lower income"
605,0,"New Joiners — Lower tenure, lower income"
350,0,"New Joiners — Lower tenure, lower income"
928,0,"New Joiners — Lower tenure, lower income"
375,0,"New Joiners — Lower tenure, lower income"
401,0,"New Joiners — Lower tenure, lower income"
705,0,"New Joiners — Lower tenure, lower income"
258,1,"Tenured Employees — Higher tenure, higher income"
945,1,"Tenured Employees — Higher tenure, higher income"
852,1,"Tenured Employees — Higher tenure, higher income"
73,0,"New Joiners — Lower tenure, lower income"
196,0,"New Joiners — Lower tenure, lower income"
484,0,"New Joiners — Lower tenure, lower income"
856,0,"New Joiners — Lower tenure, lower income"
495,0,"New Joiners — Lower tenure, lower income"
773,0,"New Joiners — Lower tenure, lower income"
463,0,"New Joiners — Lower tenure, lower income"
202,1,"Tenured Employees — Higher tenure, higher income"
313,1,"Tenured Employees — Higher tenure, higher income"
291,0,"New Joiners — Lower tenure, lower income"
764,1,"Tenured Employees — Higher tenure, higher income"
950,0,"New Joiners — Lower tenure, lower income"
184,1,"Tenured Employees — Higher tenure, higher income"
251,0,"New Joiners — Lower tenure, lower income"
941,0,"New Joiners — Lower tenure, lower income"
392,0,"New Joiners — Lower tenure, lower income"
905,0,"New Joiners — Lower tenure, lower income"
731,0,"New Joiners — Lower tenure, lower income"
555,0,"New Joiners — Lower tenure, lower income"
367,0,"New Joiners — Lower tenure, lower income"
536,1,"Tenured Employees — Higher tenure, higher income"
920,1,"Tenured Employees — Higher tenure, higher income"
212,0,"New Joiners — Lower tenure, lower income"
538,0,"New Joiners — Lower tenure, lower income"
